Date,Product_ID,Category,Inventory_Level,Competitor_Pricing,Units_Sold,Units_Ordered,Price,Discount,Holiday/Promotion
2024-06-03,P0012,Clothing,0,53.014,4,0,53.72,0.0,0
2024-06-03,P0018,Electronics,0,76.024,4,13,63.95,0.17,0
2024-06-03,P0015,Furniture,0,60.558,3,18,59.7,0.0,0
2024-06-03,P0001,Groceries,0,52.674,3,16,50.55,0.08,0
2024-06-03,P0016,Groceries,0,36.648,5,0,36.94,0.0,0
2024-06-03,P0013,Groceries,0,74.3,1,0,75.42,0.0,0
2024-06-03,P0017,Clothing,0,59.648,6,0,58.89,0.0,1
2024-06-03,P0005,Groceries,0,29.326,2,35,30.38,0.0,0
2024-06-04,P0014,Toys,0,55.806,2,0,49.97,0.06,0
2024-06-04,P0018,Electronics,0,76.024,3,13,77.05,0.0,0
2024-06-04,P0011,Electronics,0,55.71,2,0,54.32,0.0,1
2024-06-04,P0006,Groceries,0,52.908,1,0,43.23,0.18,0
2024-06-04,P0007,Electronics,0,52.498,3,0,52.21,0.0,0
2024-06-04,P0012,Clothing,0,53.014,2,0,44.05,0.18,0
2024-06-04,P0010,Toys,0,67.59,3,15,66.48,0.0,0
2024-06-05,P0003,Groceries,0,48.61,1,19,48.92,0.0,0
2024-06-05,P0018,Electronics,0,76.024,1,13,65.49,0.15,1
2024-06-05,P0020,Toys,0,44.568,2,0,45.59,0.0,0
2024-06-05,P0005,Groceries,0,29.326,1,64,30.38,0.0,0
2024-06-05,P0015,Furniture,0,60.558,2,18,49.55,0.17,1
2024-06-06,P0015,Furniture,0,60.558,3,18,59.7,0.0,0
2024-06-06,P0004,Electronics,0,52.388,1,36,51.73,0.0,0
2024-06-06,P0014,Toys,0,55.806,2,0,53.16,0.0,0
2024-06-06,P0009,Furniture,0,53.278,5,22,52.63,0.0,0
2024-06-06,P0004,Electronics,0,52.388,9,36,51.73,0.0,0
2024-06-06,P0019,Clothing,0,25.176,1,44,22.28,0.07,0
2024-06-06,P0020,Toys,0,44.568,2,0,39.66,0.13,0
2024-06-07,P0007,Electronics,0,52.498,2,0,52.21,0.0,0
2024-06-07,P0012,Clothing,0,53.014,1,0,45.12,0.16,0
2024-06-07,P0015,Furniture,0,60.558,2,18,54.32,0.09,0
2024-06-07,P0005,Groceries,0,29.326,5,64,24.61,0.19,0
2024-06-07,P0010,Toys,0,67.59,4,15,66.48,0.0,0
2024-06-07,P0012,Clothing,0,53.014,3,0,46.74,0.13,0
2024-06-07,P0013,Groceries,0,74.3,5,0,75.42,0.0,0
2024-06-08,P0019,Clothing,0,25.176,1,0,23.96,0.0,0
2024-06-09,P0015,Furniture,0,60.558,2,0,59.7,0.0,0
2024-06-09,P0012,Clothing,0,53.014,5,0,48.35,0.1,0
2024-06-09,P0017,Clothing,0,59.648,5,17,58.89,0.0,0
2024-06-09,P0004,Electronics,0,52.388,4,21,51.73,0.0,1
2024-06-09,P0002,Furniture,0,74.256,1,0,66.68,0.1,0
2024-06-10,P0011,Electronics,0,55.71,7,0,54.32,0.0,1
2024-06-10,P0010,Toys,0,67.59,3,0,66.48,0.0,0
2024-06-10,P0013,Groceries,0,74.3,4,0,75.42,0.0,0
2024-06-10,P0014,Toys,0,55.806,2,0,44.12,0.17,0
2024-06-10,P0002,Furniture,0,74.256,2,0,74.09,0.0,0
2024-06-11,P0003,Groceries,0,48.61,2,0,39.14,0.2,0
2024-06-11,P0006,Groceries,0,52.908,2,0,43.23,0.18,1
2024-06-11,P0004,Electronics,0,52.388,8,21,51.73,0.0,1
2024-06-11,P0016,Groceries,0,36.648,2,29,36.94,0.0,0
2024-06-11,P0008,Electronics,0,42.598,1,0,44.56,0.0,0
2024-06-11,P0008,Electronics,0,42.598,3,0,41.0,0.08,0
2024-06-12,P0004,Electronics,0,52.388,4,21,51.73,0.0,0
2024-06-12,P0010,Toys,0,67.59,3,0,66.48,0.0,0
2024-06-13,P0012,Clothing,0,53.014,2,0,53.72,0.0,1
2024-06-14,P0012,Clothing,0,53.014,3,0,53.72,0.0,0
2024-06-14,P0018,Electronics,0,76.024,1,0,68.58,0.11,0
2024-06-14,P0010,Toys,0,67.59,1,0,66.48,0.0,0
2024-06-15,P0010,Toys,0,67.59,1,0,55.18,0.17,0
2024-06-15,P0004,Electronics,0,52.388,9,21,51.73,0.0,1
2024-06-15,P0013,Groceries,0,74.3,1,0,67.88,0.1,0
2024-06-16,P0011,Electronics,0,55.71,3,0,54.32,0.0,0
2024-06-16,P0012,Clothing,0,53.014,4,0,53.72,0.0,0
2024-06-16,P0017,Clothing,0,59.648,2,17,49.47,0.16,0
2024-06-17,P0019,Clothing,0,25.176,1,0,23.96,0.0,0
2024-06-17,P0014,Toys,0,55.806,1,0,47.31,0.11,0
2024-06-17,P0020,Toys,0,44.568,5,0,37.84,0.17,1
2024-06-17,P0017,Clothing,0,59.648,4,17,58.89,0.0,1
2024-06-17,P0008,Electronics,0,42.598,5,0,35.65,0.2,0
2024-06-18,P0020,Toys,0,44.568,2,0,38.29,0.16,0
2024-06-18,P0006,Groceries,0,52.908,1,0,52.72,0.0,1
2024-06-18,P0003,Groceries,0,48.61,4,0,39.63,0.19,1
2024-06-18,P0005,Groceries,0,29.326,2,29,30.38,0.0,1
2024-06-18,P0019,Clothing,0,25.176,2,0,23.96,0.0,0
2024-06-18,P0009,Furniture,0,53.278,7,22,52.63,0.0,1
2024-06-18,P0005,Groceries,0,29.326,5,29,30.38,0.0,0
2024-06-19,P0011,Electronics,0,55.71,5,0,54.32,0.0,0
2024-06-19,P0015,Furniture,0,60.558,3,0,59.7,0.0,1
2024-06-19,P0001,Groceries,0,52.674,1,0,54.95,0.0,0
2024-06-19,P0012,Clothing,0,53.014,5,0,53.72,0.0,0
2024-06-19,P0019,Clothing,0,25.176,1,0,19.4,0.19,0
2024-06-19,P0008,Electronics,0,42.598,5,0,44.56,0.0,1
2024-06-20,P0011,Electronics,0,55.71,1,0,43.46,0.2,0
2024-06-20,P0019,Clothing,0,25.176,1,0,23.96,0.0,0
2024-06-20,P0013,Groceries,0,74.3,4,0,75.42,0.0,0
2024-06-20,P0002,Furniture,0,74.256,1,0,63.72,0.14,0
2024-06-21,P0016,Groceries,0,36.648,1,29,36.94,0.0,0
2024-06-21,P0001,Groceries,0,52.674,3,0,54.95,0.0,0
2024-06-21,P0008,Electronics,0,42.598,5,0,44.56,0.0,0
2024-06-21,P0001,Groceries,0,52.674,8,0,49.45,0.1,0
2024-06-21,P0008,Electronics,0,42.598,3,0,44.56,0.0,0
2024-06-21,P0005,Groceries,0,29.326,2,29,30.38,0.0,0
2024-06-21,P0016,Groceries,0,36.648,1,29,36.94,0.0,1
2024-06-22,P0012,Clothing,0,53.014,4,0,43.51,0.19,1
2024-06-22,P0010,Toys,0,67.59,2,0,57.17,0.14,1
2024-06-22,P0001,Groceries,0,52.674,5,0,54.95,0.0,1
2024-06-22,P0017,Clothing,0,59.648,5,17,58.89,0.0,0
2024-06-22,P0009,Furniture,0,53.278,1,22,44.21,0.16,1
2024-06-22,P0007,Electronics,0,52.498,2,0,52.21,0.0,0
2024-06-22,P0005,Groceries,0,29.326,10,29,26.13,0.14,0
2024-06-22,P0003,Groceries,0,48.61,1,0,44.52,0.09,1
2024-06-23,P0011,Electronics,0,55.71,2,0,54.32,0.0,0
2024-06-23,P0001,Groceries,0,52.674,3,0,54.95,0.0,0
2024-06-24,P0001,Groceries,0,52.674,1,0,54.95,0.0,0
2024-06-24,P0017,Clothing,0,59.648,4,17,50.05,0.15,1
2024-06-24,P0003,Groceries,0,48.61,2,0,45.5,0.07,0
2024-06-24,P0003,Groceries,0,48.61,4,0,45.5,0.07,1
2024-06-24,P0007,Electronics,0,52.498,2,0,52.21,0.0,0
2024-06-24,P0013,Groceries,0,74.3,4,0,75.42,0.0,0
2024-06-24,P0002,Furniture,0,74.256,10,0,74.09,0.0,0
2024-06-25,P0001,Groceries,0,52.674,1,0,54.95,0.0,1
2024-06-25,P0009,Furniture,0,53.278,8,22,52.63,0.0,0
2024-06-25,P0019,Clothing,0,25.176,4,0,23.96,0.0,0
2024-06-25,P0019,Clothing,0,25.176,2,0,23.96,0.0,0
2024-06-25,P0001,Groceries,0,52.674,2,0,54.95,0.0,0
2024-06-25,P0007,Electronics,0,52.498,1,0,44.38,0.15,0
2024-06-26,P0016,Groceries,0,36.648,5,61,36.94,0.0,0
2024-06-26,P0007,Electronics,0,52.498,4,0,42.81,0.18,0
2024-06-26,P0008,Electronics,0,42.598,5,19,44.56,0.0,1
2024-06-26,P0003,Groceries,0,48.61,2,20,48.92,0.0,0
2024-06-26,P0019,Clothing,0,25.176,2,46,23.96,0.0,0
2024-06-26,P0006,Groceries,0,52.908,4,17,43.76,0.17,1
2024-06-27,P0013,Groceries,0,74.3,3,0,75.42,0.0,0
2024-06-27,P0006,Groceries,0,52.908,1,17,52.72,0.0,0
2024-06-27,P0005,Groceries,0,29.326,5,58,30.38,0.0,1
2024-06-27,P0008,Electronics,0,42.598,7,19,44.56,0.0,0
2024-06-27,P0011,Electronics,0,55.71,3,16,54.32,0.0,0
2024-06-27,P0008,Electronics,0,42.598,4,19,44.56,0.0,0
2024-06-28,P0012,Clothing,0,53.014,1,0,53.72,0.0,0
2024-06-28,P0006,Groceries,0,52.908,5,17,52.72,0.0,0
2024-06-28,P0015,Furniture,0,60.558,2,0,48.95,0.18,0
2024-06-28,P0016,Groceries,0,36.648,2,61,31.76,0.14,0
2024-06-28,P0020,Toys,0,44.568,3,0,38.29,0.16,0
2024-06-28,P0004,Electronics,0,52.388,5,38,46.04,0.11,0
2024-06-29,P0001,Groceries,0,52.674,4,0,54.95,0.0,1
2024-06-29,P0016,Groceries,0,36.648,5,61,36.94,0.0,0
2024-06-29,P0019,Clothing,0,25.176,3,46,23.96,0.0,0
2024-06-29,P0012,Clothing,0,53.014,4,0,42.98,0.2,1
2024-06-29,P0009,Furniture,0,53.278,8,22,46.84,0.11,0
2024-06-29,P0017,Clothing,0,59.648,1,17,55.94,0.05,0
2024-06-29,P0003,Groceries,0,48.61,10,20,48.92,0.0,0
2024-06-29,P0015,Furniture,0,60.558,1,0,59.7,0.0,0
2024-06-30,P0015,Furniture,0,60.558,4,0,59.7,0.0,0
2024-06-30,P0012,Clothing,0,53.014,10,0,53.72,0.0,0
2024-06-30,P0008,Electronics,0,42.598,5,19,38.77,0.13,0
2024-06-30,P0004,Electronics,0,52.388,3,38,51.73,0.0,0
2024-06-30,P0012,Clothing,0,53.014,5,0,44.59,0.17,0
2024-06-30,P0020,Toys,0,44.568,1,0,45.59,0.0,0
2024-07-01,P0001,Groceries,0,52.674,5,0,54.95,0.0,0
2024-07-02,P0010,Toys,0,67.59,2,0,66.48,0.0,1
2024-07-02,P0004,Electronics,0,52.388,2,38,51.73,0.0,0
2024-07-02,P0003,Groceries,0,48.61,8,20,40.12,0.18,0
2024-07-02,P0012,Clothing,0,53.014,1,0,43.51,0.19,1
2024-07-02,P0002,Furniture,0,74.256,3,0,74.09,0.0,0
2024-07-02,P0006,Groceries,0,52.908,4,17,52.72,0.0,1
2024-07-02,P0015,Furniture,0,60.558,4,0,48.35,0.19,0
2024-07-03,P0015,Furniture,0,60.558,5,0,54.32,0.09,0
2024-07-03,P0015,Furniture,0,60.558,2,0,59.7,0.0,0
2024-07-03,P0002,Furniture,0,74.256,1,0,60.02,0.19,1
2024-07-03,P0014,Toys,0,55.806,5,0,53.16,0.0,0
2024-07-03,P0007,Electronics,0,52.498,1,0,42.29,0.19,0
2024-07-03,P0010,Toys,0,67.59,4,0,66.48,0.0,0
2024-07-04,P0004,Electronics,0,52.388,8,38,48.11,0.07,0
2024-07-04,P0006,Groceries,0,52.908,3,17,52.72,0.0,0
2024-07-04,P0017,Clothing,0,59.648,1,17,51.23,0.13,1
2024-07-05,P0002,Furniture,0,74.256,5,0,74.09,0.0,0
2024-07-05,P0015,Furniture,0,60.558,1,0,59.7,0.0,0
2024-07-05,P0008,Electronics,0,42.598,3,19,44.56,0.0,0
2024-07-05,P0013,Groceries,0,74.3,2,0,75.42,0.0,0
2024-07-05,P0006,Groceries,0,52.908,9,17,52.72,0.0,0
2024-07-05,P0019,Clothing,0,25.176,4,46,23.96,0.0,0
2024-07-06,P0008,Electronics,0,42.598,5,19,44.56,0.0,0
2024-07-07,P0005,Groceries,0,29.326,3,29,30.38,0.0,1
2024-07-07,P0001,Groceries,0,52.674,4,0,50.55,0.08,0
2024-07-07,P0007,Electronics,0,52.498,2,0,52.21,0.0,0
2024-07-07,P0004,Electronics,0,52.388,4,17,48.62,0.06,0
2024-07-07,P0016,Groceries,0,36.648,5,32,36.94,0.0,0
2024-07-08,P0004,Electronics,0,52.388,9,17,51.73,0.0,0
2024-07-09,P0010,Toys,0,67.59,2,0,66.48,0.0,0
2024-07-09,P0016,Groceries,0,36.648,1,32,34.72,0.06,0
2024-07-10,P0006,Groceries,0,52.908,5,17,52.72,0.0,0
2024-07-10,P0005,Groceries,0,29.326,4,29,30.38,0.0,0
2024-07-10,P0016,Groceries,0,36.648,2,32,36.94,0.0,1
2024-07-10,P0015,Furniture,0,60.558,2,0,59.7,0.0,0
2024-07-11,P0011,Electronics,0,55.71,1,16,51.06,0.06,0
2024-07-11,P0015,Furniture,0,60.558,4,0,59.7,0.0,1
2024-07-11,P0020,Toys,0,44.568,4,0,45.59,0.0,0
2024-07-11,P0007,Electronics,0,52.498,3,0,47.51,0.09,0
2024-07-11,P0002,Furniture,0,74.256,4,0,63.72,0.14,1
2024-07-11,P0013,Groceries,0,74.3,1,12,75.42,0.0,0
2024-07-11,P0018,Electronics,0,76.024,1,0,77.05,0.0,0
2024-07-12,P0007,Electronics,0,52.498,4,0,52.21,0.0,0
2024-07-13,P0003,Groceries,0,48.61,1,20,48.92,0.0,1
2024-07-13,P0018,Electronics,0,76.024,2,0,77.05,0.0,1
2024-07-14,P0003,Groceries,0,48.61,5,20,45.99,0.06,0
2024-07-14,P0019,Clothing,0,25.176,1,46,19.16,0.2,0
2024-07-15,P0020,Toys,0,44.568,4,0,45.59,0.0,0
2024-07-15,P0013,Groceries,0,74.3,8,12,75.42,0.0,0
2024-07-15,P0015,Furniture,0,60.558,3,0,59.7,0.0,1
2024-07-15,P0008,Electronics,0,42.598,5,19,44.56,0.0,0
2024-07-15,P0017,Clothing,0,59.648,2,0,58.89,0.0,0
2024-07-15,P0002,Furniture,0,74.256,2,0,74.09,0.0,1
2024-07-15,P0016,Groceries,0,36.648,1,60,36.94,0.0,0
2024-07-15,P0004,Electronics,0,52.388,4,34,51.73,0.0,0
2024-07-16,P0012,Clothing,0,53.014,1,0,46.2,0.14,0
2024-07-16,P0009,Furniture,0,53.278,1,0,52.63,0.0,0
2024-07-17,P0008,Electronics,0,42.598,2,19,37.88,0.15,0
2024-07-17,P0019,Clothing,0,25.176,2,46,23.96,0.0,0
2024-07-17,P0017,Clothing,0,59.648,2,0,58.89,0.0,0
2024-07-18,P0004,Electronics,0,52.388,3,34,51.73,0.0,1
2024-07-18,P0012,Clothing,0,53.014,2,0,53.72,0.0,0
2024-07-18,P0016,Groceries,0,36.648,2,60,36.94,0.0,0
2024-07-19,P0003,Groceries,0,48.61,4,20,43.54,0.11,0
2024-07-20,P0020,Toys,0,44.568,10,0,45.59,0.0,0
2024-07-20,P0010,Toys,0,67.59,5,0,66.48,0.0,0
2024-07-20,P0005,Groceries,0,29.326,4,29,30.38,0.0,0
2024-07-20,P0007,Electronics,0,52.498,4,0,44.9,0.14,0
2024-07-20,P0011,Electronics,0,55.71,4,16,54.32,0.0,1
2024-07-21,P0009,Furniture,0,53.278,2,0,52.63,0.0,0
2024-07-21,P0001,Groceries,0,52.674,1,0,54.95,0.0,0
2024-07-21,P0002,Furniture,0,74.256,2,0,74.09,0.0,0
2024-07-22,P0018,Electronics,0,76.024,2,0,77.05,0.0,0
2024-07-22,P0009,Furniture,0,53.278,5,0,52.63,0.0,1
2024-07-22,P0010,Toys,0,67.59,2,0,66.48,0.0,0
2024-07-22,P0016,Groceries,0,36.648,2,60,36.94,0.0,0
2024-07-22,P0005,Groceries,0,29.326,2,29,26.13,0.14,0
2024-07-22,P0001,Groceries,0,52.674,6,0,54.95,0.0,0
2024-07-22,P0018,Electronics,0,76.024,1,0,77.05,0.0,0
2024-07-23,P0017,Clothing,0,59.648,3,0,58.89,0.0,0
2024-07-23,P0003,Groceries,0,48.61,2,20,45.5,0.07,0
2024-07-23,P0016,Groceries,0,36.648,1,60,36.94,0.0,1
2024-07-23,P0013,Groceries,0,74.3,3,12,75.42,0.0,0
2024-07-23,P0019,Clothing,0,25.176,5,46,19.88,0.17,0
2024-07-24,P0008,Electronics,0,42.598,5,19,44.56,0.0,1
2024-07-24,P0019,Clothing,0,25.176,5,46,23.96,0.0,0
2024-07-24,P0009,Furniture,0,53.278,1,0,52.63,0.0,0
2024-07-24,P0009,Furniture,0,53.278,6,0,44.21,0.16,0
2024-07-25,P0017,Clothing,0,59.648,1,0,58.89,0.0,1
2024-07-25,P0009,Furniture,0,53.278,2,0,47.37,0.1,0
2024-07-25,P0017,Clothing,0,59.648,2,0,58.89,0.0,1
2024-07-25,P0020,Toys,0,44.568,3,0,45.59,0.0,0
2024-07-25,P0015,Furniture,0,60.558,1,0,59.7,0.0,0
2024-07-25,P0011,Electronics,0,55.71,4,16,54.32,0.0,0
2024-07-26,P0001,Groceries,0,52.674,2,0,54.95,0.0,0
2024-07-26,P0009,Furniture,0,53.278,1,0,52.63,0.0,1
2024-07-26,P0017,Clothing,0,59.648,1,0,58.89,0.0,0
2024-07-26,P0012,Clothing,0,53.014,1,0,53.72,0.0,0
2024-07-26,P0018,Electronics,0,76.024,5,0,77.05,0.0,0
2024-07-27,P0002,Furniture,0,74.256,2,0,74.09,0.0,0
2024-07-27,P0007,Electronics,0,52.498,8,0,52.21,0.0,1
2024-07-27,P0011,Electronics,0,55.71,3,0,54.32,0.0,0
2024-07-27,P0018,Electronics,0,76.024,3,0,77.05,0.0,0
2024-07-27,P0020,Toys,0,44.568,5,0,45.59,0.0,0
2024-07-27,P0001,Groceries,0,52.674,2,0,50.0,0.09,0
2024-07-28,P0009,Furniture,0,53.278,4,0,47.37,0.1,0
2024-07-28,P0005,Groceries,0,29.326,3,0,30.38,0.0,0
2024-07-28,P0004,Electronics,0,52.388,3,17,51.73,0.0,0
2024-07-28,P0010,Toys,0,67.59,1,0,66.48,0.0,0
2024-07-28,P0014,Toys,0,55.806,6,0,44.12,0.17,0
2024-07-28,P0007,Electronics,0,52.498,3,0,52.21,0.0,0
2024-07-29,P0020,Toys,0,44.568,4,0,45.59,0.0,0
2024-07-29,P0013,Groceries,0,74.3,3,12,75.42,0.0,0
2024-07-29,P0010,Toys,0,67.59,3,0,66.48,0.0,0
2024-07-29,P0005,Groceries,0,29.326,3,0,30.38,0.0,0
2024-07-29,P0009,Furniture,0,53.278,2,0,52.63,0.0,0
2024-07-29,P0008,Electronics,0,42.598,4,0,37.88,0.15,0
2024-07-29,P0007,Electronics,0,52.498,6,0,44.38,0.15,0
2024-07-30,P0013,Groceries,0,74.3,10,12,64.86,0.14,1
2024-07-30,P0020,Toys,0,44.568,1,0,45.59,0.0,0
2024-07-30,P0005,Groceries,0,29.326,5,0,30.38,0.0,0
2024-07-30,P0008,Electronics,0,42.598,5,0,37.88,0.15,0
2024-07-30,P0001,Groceries,0,52.674,2,0,52.2,0.05,0
2024-07-30,P0020,Toys,0,44.568,4,0,45.59,0.0,1
2024-07-30,P0001,Groceries,0,52.674,4,0,54.95,0.0,0
2024-07-30,P0010,Toys,0,67.59,3,0,66.48,0.0,0
2024-07-31,P0004,Electronics,0,52.388,3,17,51.73,0.0,1
2024-07-31,P0008,Electronics,0,42.598,3,0,44.56,0.0,0
2024-07-31,P0018,Electronics,0,76.024,1,0,77.05,0.0,0
2024-07-31,P0013,Groceries,0,74.3,2,12,67.12,0.11,0
2024-08-01,P0001,Groceries,0,52.674,4,0,54.95,0.0,1
2024-08-01,P0016,Groceries,0,36.648,2,28,36.94,0.0,0
2024-08-01,P0018,Electronics,0,76.024,4,0,77.05,0.0,0
2024-08-02,P0016,Groceries,0,36.648,4,28,36.94,0.0,0
2024-08-02,P0018,Electronics,0,76.024,1,0,63.18,0.18,1
2024-08-02,P0003,Groceries,0,48.61,2,0,48.92,0.0,0
2024-08-02,P0008,Electronics,0,42.598,2,0,44.56,0.0,0
2024-08-03,P0005,Groceries,0,29.326,1,0,24.61,0.19,1
2024-08-04,P0007,Electronics,0,52.498,1,18,52.21,0.0,0
2024-08-05,P0004,Electronics,0,52.388,1,17,51.73,0.0,0
2024-08-05,P0011,Electronics,0,55.71,9,20,54.32,0.0,0
2024-08-05,P0020,Toys,0,44.568,4,0,45.59,0.0,0
2024-08-06,P0011,Electronics,0,55.71,5,20,48.89,0.1,0
2024-08-06,P0016,Groceries,0,36.648,7,28,36.94,0.0,0
2024-08-06,P0017,Clothing,0,59.648,2,0,58.89,0.0,0
2024-08-06,P0006,Groceries,0,52.908,2,0,42.7,0.19,0
2024-08-06,P0010,Toys,0,67.59,3,0,66.48,0.0,0
2024-08-06,P0002,Furniture,0,74.256,3,11,74.09,0.0,0
2024-08-07,P0014,Toys,0,55.806,7,0,53.16,0.0,0
2024-08-07,P0002,Furniture,0,74.256,5,11,74.09,0.0,0
2024-08-07,P0008,Electronics,0,42.598,5,0,44.56,0.0,0
2024-08-07,P0006,Groceries,0,52.908,1,0,52.72,0.0,0
2024-08-07,P0002,Furniture,0,74.256,1,11,74.09,0.0,0
2024-08-07,P0014,Toys,0,55.806,2,0,47.85,0.1,0
2024-08-07,P0013,Groceries,0,74.3,5,12,66.37,0.12,0
2024-08-08,P0012,Clothing,0,53.014,2,17,53.72,0.0,0
2024-08-08,P0014,Toys,0,55.806,5,0,53.16,0.0,1
2024-08-08,P0005,Groceries,0,29.326,5,0,30.38,0.0,0
2024-08-08,P0011,Electronics,0,55.71,10,20,54.32,0.0,0
2024-08-08,P0012,Clothing,0,53.014,4,17,45.12,0.16,0
2024-08-08,P0008,Electronics,0,42.598,4,0,41.44,0.07,0
2024-08-08,P0012,Clothing,0,53.014,3,17,53.72,0.0,0
2024-08-08,P0010,Toys,0,67.59,5,0,66.48,0.0,0
2024-08-09,P0020,Toys,0,44.568,2,0,40.57,0.11,1
2024-08-09,P0018,Electronics,0,76.024,1,0,77.05,0.0,0
2024-08-09,P0015,Furniture,0,60.558,1,18,59.7,0.0,0
2024-08-10,P0019,Clothing,0,25.176,2,0,23.96,0.0,0
2024-08-10,P0005,Groceries,0,29.326,4,0,30.38,0.0,0
2024-08-10,P0014,Toys,0,55.806,3,0,53.16,0.0,1
2024-08-11,P0001,Groceries,0,52.674,2,0,54.95,0.0,0
2024-08-11,P0007,Electronics,0,52.498,3,18,52.21,0.0,0
2024-08-11,P0010,Toys,0,67.59,8,0,66.48,0.0,0
2024-08-12,P0011,Electronics,0,55.71,4,20,45.09,0.17,1
2024-08-12,P0006,Groceries,0,52.908,2,0,52.72,0.0,0
2024-08-12,P0005,Groceries,0,29.326,1,0,25.52,0.16,0
2024-08-12,P0002,Furniture,0,74.256,2,11,74.09,0.0,0
2024-08-12,P0020,Toys,0,44.568,10,0,39.66,0.13,0
2024-08-12,P0013,Groceries,0,74.3,1,0,64.86,0.14,1
2024-08-12,P0012,Clothing,0,53.014,1,17,53.72,0.0,0
2024-08-12,P0015,Furniture,0,60.558,2,18,59.7,0.0,0
2024-08-13,P0011,Electronics,0,55.71,4,20,49.97,0.08,1
2024-08-13,P0015,Furniture,0,60.558,5,18,59.7,0.0,0
2024-08-13,P0012,Clothing,0,53.014,5,17,53.72,0.0,0
2024-08-13,P0010,Toys,0,67.59,2,0,66.48,0.0,0
2024-08-14,P0012,Clothing,0,53.014,4,17,53.72,0.0,0
2024-08-14,P0008,Electronics,0,42.598,5,0,41.44,0.07,0
2024-08-15,P0017,Clothing,0,59.648,4,0,58.89,0.0,0
2024-08-15,P0012,Clothing,0,53.014,4,17,53.72,0.0,1
2024-08-16,P0002,Furniture,0,74.256,4,11,74.09,0.0,0
2024-08-17,P0017,Clothing,0,59.648,5,0,58.89,0.0,0
2024-08-17,P0013,Groceries,0,74.3,6,0,75.42,0.0,0
2024-08-17,P0016,Groceries,0,36.648,3,0,36.94,0.0,0
2024-08-17,P0001,Groceries,0,52.674,4,0,54.95,0.0,0
2024-08-17,P0004,Electronics,0,52.388,5,0,51.73,0.0,0
2024-08-17,P0008,Electronics,0,42.598,3,0,44.56,0.0,0
2024-08-17,P0013,Groceries,0,74.3,5,0,61.84,0.18,0
2024-08-17,P0004,Electronics,0,52.388,2,0,51.73,0.0,0
2024-08-18,P0011,Electronics,0,55.71,4,20,48.89,0.1,0
2024-08-19,P0020,Toys,0,44.568,2,0,45.59,0.0,0
2024-08-19,P0015,Furniture,0,60.558,2,18,50.74,0.15,1
2024-08-19,P0007,Electronics,0,52.498,5,18,52.21,0.0,0
2024-08-19,P0018,Electronics,0,76.024,5,0,77.05,0.0,0
2024-08-19,P0018,Electronics,0,76.024,3,0,77.05,0.0,0
2024-08-19,P0003,Groceries,0,48.61,4,0,48.92,0.0,0
2024-08-19,P0001,Groceries,0,52.674,5,0,54.95,0.0,0
2024-08-20,P0006,Groceries,0,52.908,6,0,52.72,0.0,0
2024-08-21,P0017,Clothing,0,59.648,1,0,58.89,0.0,0
2024-08-22,P0007,Electronics,0,52.498,2,18,52.21,0.0,0
2024-08-22,P0019,Clothing,0,25.176,4,0,23.96,0.0,0
2024-08-23,P0011,Electronics,0,55.71,2,20,50.52,0.07,0
2024-08-23,P0012,Clothing,0,53.014,5,17,53.72,0.0,0
2024-08-23,P0003,Groceries,0,48.61,2,0,48.92,0.0,0
2024-08-23,P0016,Groceries,0,36.648,1,0,36.94,0.0,1
2024-08-23,P0015,Furniture,0,60.558,4,18,59.7,0.0,0
2024-08-23,P0013,Groceries,0,74.3,4,0,75.42,0.0,0
2024-08-23,P0008,Electronics,0,42.598,1,0,44.56,0.0,0
2024-08-24,P0013,Groceries,0,74.3,2,0,75.42,0.0,0
2024-08-24,P0003,Groceries,0,48.61,4,0,48.92,0.0,0
2024-08-24,P0018,Electronics,0,76.024,4,0,77.05,0.0,0
2024-08-24,P0001,Groceries,0,52.674,6,0,54.95,0.0,1
2024-08-24,P0010,Toys,0,67.59,5,0,66.48,0.0,0
2024-08-24,P0005,Groceries,0,29.326,8,0,30.38,0.0,0
2024-08-25,P0011,Electronics,0,55.71,5,20,54.32,0.0,1
2024-08-25,P0013,Groceries,0,74.3,3,0,75.42,0.0,0
2024-08-25,P0011,Electronics,0,55.71,3,20,54.32,0.0,0
2024-08-26,P0004,Electronics,0,52.388,4,0,42.93,0.17,0
2024-08-26,P0019,Clothing,0,25.176,4,0,22.52,0.06,0
2024-08-26,P0015,Furniture,0,60.558,5,35,59.7,0.0,0
2024-08-26,P0001,Groceries,0,52.674,2,0,46.71,0.15,0
2024-08-26,P0002,Furniture,0,74.256,1,11,74.09,0.0,0
2024-08-27,P0018,Electronics,0,76.024,1,0,77.05,0.0,0
2024-08-27,P0011,Electronics,0,55.71,2,20,46.72,0.14,1
2024-08-27,P0020,Toys,0,44.568,5,0,45.59,0.0,0
2024-08-27,P0005,Groceries,0,29.326,1,0,27.65,0.09,0
2024-08-27,P0008,Electronics,0,42.598,4,22,37.43,0.16,0
2024-08-28,P0010,Toys,0,67.59,5,0,66.48,0.0,0
2024-08-28,P0007,Electronics,0,52.498,4,35,45.94,0.12,0
2024-08-28,P0006,Groceries,0,52.908,3,20,52.72,0.0,1
2024-08-28,P0009,Furniture,0,53.278,5,0,52.63,0.0,0
2024-08-29,P0009,Furniture,0,53.278,1,0,52.63,0.0,0
2024-08-29,P0019,Clothing,0,25.176,1,0,23.96,0.0,0
2024-08-29,P0018,Electronics,0,76.024,8,0,77.05,0.0,0
2024-08-30,P0019,Clothing,0,25.176,2,0,23.96,0.0,0
2024-08-30,P0002,Furniture,0,74.256,5,11,74.09,0.0,1
2024-08-31,P0019,Clothing,0,25.176,9,0,23.96,0.0,0
2024-09-01,P0016,Groceries,0,36.648,4,0,36.94,0.0,0
2024-09-02,P0016,Groceries,0,36.648,5,0,36.94,0.0,0
2024-09-02,P0005,Groceries,0,29.326,4,0,30.38,0.0,0
2024-09-02,P0019,Clothing,0,25.176,2,0,23.96,0.0,0
2024-09-03,P0019,Clothing,0,25.176,4,0,19.64,0.18,0
2024-09-03,P0003,Groceries,0,48.61,1,23,48.92,0.0,1
2024-09-03,P0015,Furniture,0,60.558,3,17,50.14,0.16,0
2024-09-03,P0017,Clothing,0,59.648,2,0,58.89,0.0,0
2024-09-04,P0014,Toys,0,55.806,1,0,53.16,0.0,0
2024-09-04,P0009,Furniture,0,53.278,5,0,52.63,0.0,0
2024-09-04,P0002,Furniture,0,74.256,5,0,69.65,0.06,0
2024-09-04,P0002,Furniture,0,74.256,4,0,60.02,0.19,0
2024-09-04,P0010,Toys,0,67.59,2,0,61.82,0.07,0
2024-09-04,P0017,Clothing,0,59.648,3,0,47.7,0.19,1
2024-09-04,P0003,Groceries,0,48.61,1,23,48.92,0.0,0
2024-09-05,P0005,Groceries,0,29.326,3,0,30.38,0.0,0
2024-09-06,P0006,Groceries,0,52.908,2,20,52.72,0.0,0
2024-09-06,P0006,Groceries,0,52.908,1,20,43.23,0.18,0
2024-09-06,P0009,Furniture,0,53.278,4,0,52.63,0.0,0
2024-09-06,P0007,Electronics,0,52.498,2,17,43.86,0.16,0
2024-09-07,P0003,Groceries,0,48.61,2,23,48.92,0.0,0
2024-09-07,P0020,Toys,0,44.568,5,0,45.59,0.0,0
2024-09-07,P0002,Furniture,0,74.256,4,0,66.68,0.1,0
2024-09-07,P0004,Electronics,0,52.388,3,0,51.73,0.0,0
2024-09-07,P0017,Clothing,0,59.648,5,0,50.64,0.14,0
2024-09-07,P0014,Toys,0,55.806,5,0,53.16,0.0,0
2024-09-07,P0006,Groceries,0,52.908,5,20,43.23,0.18,1
2024-09-07,P0004,Electronics,0,52.388,1,0,51.73,0.0,1
2024-09-08,P0018,Electronics,0,76.024,8,0,77.05,0.0,0
2024-09-08,P0016,Groceries,0,36.648,5,0,36.94,0.0,0
2024-09-08,P0004,Electronics,0,52.388,3,0,51.73,0.0,1
2024-09-08,P0004,Electronics,0,52.388,5,0,51.73,0.0,0
2024-09-09,P0002,Furniture,0,74.256,2,0,74.09,0.0,0
2024-09-09,P0020,Toys,0,44.568,1,21,37.84,0.17,0
2024-09-09,P0014,Toys,0,55.806,3,0,53.16,0.0,0
2024-09-09,P0001,Groceries,0,52.674,4,0,54.95,0.0,0
2024-09-09,P0019,Clothing,0,25.176,5,0,23.96,0.0,0
2024-09-09,P0001,Groceries,0,52.674,3,0,50.55,0.08,0
2024-09-10,P0009,Furniture,0,53.278,2,0,52.63,0.0,0
2024-09-10,P0001,Groceries,0,52.674,2,0,46.16,0.16,0
2024-09-10,P0010,Toys,0,67.59,1,13,66.48,0.0,1
2024-09-10,P0002,Furniture,0,74.256,1,0,74.09,0.0,0
2024-09-11,P0019,Clothing,0,25.176,5,0,23.96,0.0,1
2024-09-11,P0013,Groceries,0,74.3,2,15,67.88,0.1,0
2024-09-11,P0001,Groceries,0,52.674,2,0,54.95,0.0,0
2024-09-12,P0020,Toys,0,44.568,1,21,45.59,0.0,0
2024-09-13,P0017,Clothing,0,59.648,4,0,58.89,0.0,0
2024-09-13,P0020,Toys,0,44.568,5,21,45.59,0.0,0
2024-09-13,P0013,Groceries,0,74.3,1,15,75.42,0.0,0
2024-09-13,P0011,Electronics,0,55.71,3,19,49.43,0.09,0
2024-09-13,P0004,Electronics,0,52.388,5,0,51.73,0.0,0
2024-09-14,P0018,Electronics,0,76.024,4,14,61.64,0.2,0
2024-09-14,P0002,Furniture,0,74.256,5,0,62.98,0.15,1
2024-09-14,P0006,Groceries,0,52.908,4,20,43.23,0.18,0
2024-09-15,P0009,Furniture,0,53.278,5,0,52.63,0.0,0
2024-09-16,P0002,Furniture,0,74.256,2,0,74.09,0.0,0
2024-09-16,P0012,Clothing,0,53.014,8,0,53.72,0.0,0
2024-09-17,P0003,Groceries,0,48.61,2,23,43.05,0.12,0
2024-09-17,P0002,Furniture,0,74.256,7,0,74.09,0.0,0
2024-09-17,P0009,Furniture,0,53.278,4,0,52.63,0.0,0
2024-09-18,P0017,Clothing,0,59.648,2,0,58.89,0.0,0
2024-09-18,P0016,Groceries,0,36.648,1,0,32.5,0.12,1
2024-09-18,P0014,Toys,0,55.806,3,0,53.16,0.0,0
2024-09-19,P0020,Toys,0,44.568,4,21,45.59,0.0,0
2024-09-19,P0009,Furniture,0,53.278,3,0,52.63,0.0,0
2024-09-20,P0007,Electronics,0,52.498,10,32,52.21,0.0,0
2024-09-20,P0005,Groceries,0,29.326,4,0,30.38,0.0,0
2024-09-21,P0003,Groceries,0,48.61,4,23,48.92,0.0,0
2024-09-21,P0015,Furniture,0,60.558,3,17,49.55,0.17,0
2024-09-21,P0007,Electronics,0,52.498,3,32,42.29,0.19,0
2024-09-21,P0020,Toys,0,44.568,9,21,42.85,0.06,0
2024-09-21,P0006,Groceries,0,52.908,5,20,52.72,0.0,0
2024-09-22,P0015,Furniture,0,60.558,5,17,59.7,0.0,0
2024-09-22,P0008,Electronics,0,42.598,1,45,37.88,0.15,0
2024-09-22,P0002,Furniture,0,74.256,2,0,59.28,0.2,0
2024-09-22,P0001,Groceries,0,52.674,1,0,54.95,0.0,0
2024-09-22,P0005,Groceries,0,29.326,1,0,28.26,0.07,0
2024-09-22,P0007,Electronics,0,52.498,5,32,42.81,0.18,0
2024-09-22,P0008,Electronics,0,42.598,9,45,44.56,0.0,0
2024-09-22,P0003,Groceries,0,48.61,2,23,48.92,0.0,0
2024-09-23,P0018,Electronics,0,76.024,4,14,71.66,0.07,0
2024-09-23,P0018,Electronics,0,76.024,1,14,77.05,0.0,0
2024-09-23,P0018,Electronics,0,76.024,2,14,77.05,0.0,0
2024-09-23,P0002,Furniture,0,74.256,3,0,60.76,0.18,0
2024-09-23,P0001,Groceries,0,52.674,3,0,54.95,0.0,1
2024-09-23,P0008,Electronics,0,42.598,1,45,44.56,0.0,0
2024-09-23,P0017,Clothing,0,59.648,2,0,58.89,0.0,1
2024-09-23,P0011,Electronics,0,55.71,4,19,54.32,0.0,1
2024-09-24,P0018,Electronics,0,76.024,2,14,77.05,0.0,0
2024-09-25,P0008,Electronics,0,42.598,1,45,36.99,0.17,0
2024-09-26,P0019,Clothing,0,25.176,3,0,23.96,0.0,0
2024-09-26,P0009,Furniture,0,53.278,4,0,46.84,0.11,0
2024-09-26,P0004,Electronics,0,52.388,3,0,51.73,0.0,0
2024-09-26,P0020,Toys,0,44.568,4,21,45.59,0.0,1
2024-09-26,P0001,Groceries,0,52.674,4,0,45.61,0.17,0
2024-09-26,P0007,Electronics,0,52.498,2,15,52.21,0.0,0
2024-09-26,P0003,Groceries,0,48.61,2,0,48.92,0.0,1
2024-09-27,P0009,Furniture,0,53.278,2,0,46.31,0.12,1
2024-09-27,P0004,Electronics,0,52.388,3,0,51.73,0.0,0
2024-09-27,P0018,Electronics,0,76.024,5,14,68.58,0.11,0
2024-09-27,P0005,Groceries,0,29.326,1,0,30.38,0.0,1
2024-09-27,P0003,Groceries,0,48.61,7,0,48.92,0.0,0
2024-09-27,P0012,Clothing,0,53.014,5,0,53.72,0.0,0
2024-09-27,P0012,Clothing,0,53.014,1,0,53.72,0.0,0
2024-09-27,P0015,Furniture,0,60.558,3,0,59.7,0.0,0
2024-09-28,P0001,Groceries,0,52.674,2,0,54.95,0.0,1
2024-09-28,P0018,Electronics,0,76.024,1,14,73.2,0.05,1
2024-09-28,P0014,Toys,0,55.806,2,0,53.16,0.0,1
2024-09-28,P0006,Groceries,0,52.908,2,0,52.72,0.0,0
2024-09-29,P0013,Groceries,0,74.3,5,15,75.42,0.0,0
2024-09-29,P0013,Groceries,0,74.3,2,15,75.42,0.0,0
2024-09-30,P0019,Clothing,0,25.176,4,0,23.96,0.0,0
2024-09-30,P0012,Clothing,0,53.014,2,0,49.96,0.07,1
2024-09-30,P0020,Toys,0,44.568,2,21,40.12,0.12,0
2024-09-30,P0004,Electronics,0,52.388,1,0,51.73,0.0,0
2024-09-30,P0012,Clothing,0,53.014,3,0,53.72,0.0,1
2024-09-30,P0002,Furniture,0,74.256,2,0,61.5,0.17,0
2024-09-30,P0002,Furniture,0,74.256,3,0,74.09,0.0,0
2024-09-30,P0015,Furniture,0,60.558,4,0,48.35,0.19,0
2024-10-01,P0001,Groceries,0,52.674,5,0,54.95,0.0,0
2024-10-01,P0016,Groceries,0,36.648,5,0,36.94,0.0,0
2024-10-01,P0014,Toys,0,55.806,5,0,53.16,0.0,0
2024-10-01,P0012,Clothing,0,53.014,5,0,53.72,0.0,0
2024-10-02,P0015,Furniture,0,60.558,7,0,59.7,0.0,0
2024-10-02,P0012,Clothing,0,53.014,1,0,53.72,0.0,1
2024-10-02,P0019,Clothing,0,25.176,1,0,23.96,0.0,0
2024-10-02,P0009,Furniture,0,53.278,4,0,45.26,0.14,0
2024-10-02,P0005,Groceries,0,29.326,2,0,25.83,0.15,0
2024-10-02,P0007,Electronics,0,52.498,1,15,48.03,0.08,0
2024-10-02,P0017,Clothing,0,59.648,5,0,48.29,0.18,1
2024-10-02,P0011,Electronics,0,55.71,4,19,44.0,0.19,1
2024-10-03,P0020,Toys,0,44.568,2,21,45.59,0.0,1
2024-10-03,P0003,Groceries,0,48.61,2,0,48.92,0.0,0
2024-10-03,P0019,Clothing,0,25.176,3,0,23.96,0.0,0
2024-10-04,P0014,Toys,0,55.806,5,0,49.44,0.07,0
2024-10-04,P0012,Clothing,0,53.014,5,0,53.72,0.0,0
2024-10-04,P0007,Electronics,0,52.498,2,15,52.21,0.0,1
2024-10-04,P0005,Groceries,0,29.326,2,0,27.35,0.1,0
2024-10-04,P0003,Groceries,0,48.61,5,20,48.92,0.0,0
2024-10-04,P0007,Electronics,0,52.498,5,15,52.21,0.0,0
2024-10-04,P0011,Electronics,0,55.71,1,19,47.8,0.12,0
2024-10-05,P0010,Toys,0,67.59,2,13,66.48,0.0,0
2024-10-05,P0012,Clothing,0,53.014,4,0,53.72,0.0,0
2024-10-05,P0017,Clothing,0,59.648,3,0,58.89,0.0,0
2024-10-05,P0004,Electronics,0,52.388,4,21,45.52,0.12,1
2024-10-06,P0015,Furniture,0,60.558,3,0,47.76,0.2,1
2024-10-06,P0016,Groceries,0,36.648,3,24,33.24,0.1,0
2024-10-07,P0003,Groceries,0,48.61,3,20,48.92,0.0,0
2024-10-07,P0006,Groceries,0,52.908,10,0,52.72,0.0,0
2024-10-08,P0005,Groceries,0,29.326,4,0,26.43,0.13,0
2024-10-08,P0012,Clothing,0,53.014,5,0,45.12,0.16,0
2024-10-08,P0013,Groceries,0,74.3,6,15,62.6,0.17,0
2024-10-08,P0015,Furniture,0,60.558,5,0,59.7,0.0,0
2024-10-08,P0009,Furniture,0,53.278,3,0,52.63,0.0,0
2024-10-08,P0012,Clothing,0,53.014,2,0,53.72,0.0,0
2024-10-08,P0014,Toys,0,55.806,2,0,53.16,0.0,0
2024-10-08,P0009,Furniture,0,53.278,6,0,52.63,0.0,0
2024-10-09,P0016,Groceries,0,36.648,2,24,34.35,0.07,1
2024-10-09,P0016,Groceries,0,36.648,2,24,36.94,0.0,1
2024-10-09,P0015,Furniture,0,60.558,8,0,52.53,0.12,0
2024-10-09,P0001,Groceries,0,52.674,3,0,51.65,0.06,1
2024-10-10,P0005,Groceries,0,29.326,6,0,30.38,0.0,0
2024-10-11,P0020,Toys,0,44.568,5,0,45.59,0.0,1
2024-10-11,P0007,Electronics,0,52.498,3,0,45.94,0.12,0
2024-10-11,P0003,Groceries,0,48.61,5,20,48.92,0.0,1
2024-10-11,P0017,Clothing,0,59.648,7,0,48.88,0.17,0
2024-10-11,P0010,Toys,0,67.59,5,0,66.48,0.0,0
2024-10-11,P0001,Groceries,0,52.674,3,0,46.71,0.15,0
2024-10-11,P0015,Furniture,0,60.558,5,0,59.7,0.0,0
2024-10-11,P0005,Groceries,0,29.326,5,0,30.38,0.0,0
2024-10-12,P0007,Electronics,0,52.498,3,0,52.21,0.0,0
2024-10-12,P0013,Groceries,0,74.3,6,0,75.42,0.0,0
2024-10-12,P0016,Groceries,0,36.648,3,24,29.92,0.19,0
2024-10-12,P0019,Clothing,0,25.176,4,0,22.76,0.05,0
2024-10-12,P0001,Groceries,0,52.674,8,0,50.55,0.08,0
2024-10-12,P0008,Electronics,0,42.598,2,23,44.56,0.0,0
2024-10-12,P0004,Electronics,0,52.388,1,21,51.73,0.0,0
2024-10-13,P0015,Furniture,0,60.558,4,0,59.7,0.0,0
2024-10-13,P0006,Groceries,0,52.908,3,0,52.72,0.0,0
2024-10-13,P0008,Electronics,0,42.598,2,23,37.43,0.16,0
2024-10-13,P0004,Electronics,0,52.388,4,21,51.73,0.0,1
2024-10-14,P0015,Furniture,0,60.558,4,0,59.7,0.0,0
2024-10-14,P0019,Clothing,0,25.176,3,0,22.76,0.05,1
2024-10-14,P0006,Groceries,0,52.908,1,0,52.72,0.0,0
2024-10-14,P0016,Groceries,0,36.648,4,24,36.94,0.0,0
2024-10-14,P0014,Toys,0,55.806,4,0,53.16,0.0,0
2024-10-14,P0015,Furniture,0,60.558,1,0,59.7,0.0,0
2024-10-15,P0016,Groceries,0,36.648,5,24,33.24,0.1,1
2024-10-15,P0019,Clothing,0,25.176,2,0,23.96,0.0,0
2024-10-15,P0007,Electronics,0,52.498,5,0,46.99,0.1,1
2024-10-15,P0013,Groceries,0,74.3,1,0,71.65,0.05,0
2024-10-15,P0011,Electronics,0,55.71,2,0,46.17,0.15,0
2024-10-16,P0013,Groceries,0,74.3,2,0,75.42,0.0,0
2024-10-16,P0003,Groceries,0,48.61,2,20,48.92,0.0,1
2024-10-16,P0013,Groceries,0,74.3,1,0,75.42,0.0,0
2024-10-16,P0016,Groceries,0,36.648,3,24,36.94,0.0,0
2024-10-16,P0018,Electronics,0,76.024,1,0,61.64,0.2,0
2024-10-16,P0014,Toys,0,55.806,4,0,43.06,0.19,0
2024-10-16,P0007,Electronics,0,52.498,3,0,52.21,0.0,0
2024-10-17,P0014,Toys,0,55.806,2,0,53.16,0.0,1
2024-10-17,P0003,Groceries,0,48.61,5,20,48.92,0.0,0
2024-10-17,P0010,Toys,0,67.59,3,0,66.48,0.0,1
2024-10-17,P0009,Furniture,0,53.278,2,0,45.79,0.13,1
2024-10-17,P0016,Groceries,0,36.648,4,24,32.5,0.12,0
2024-10-17,P0020,Toys,0,44.568,1,0,45.59,0.0,0
2024-10-18,P0019,Clothing,0,25.176,1,0,23.96,0.0,0
2024-10-18,P0004,Electronics,0,52.388,2,21,51.73,0.0,1
2024-10-19,P0018,Electronics,0,76.024,3,0,77.05,0.0,0
2024-10-19,P0001,Groceries,0,52.674,2,0,54.95,0.0,0
2024-10-20,P0018,Electronics,0,76.024,2,0,77.05,0.0,1
2024-10-20,P0016,Groceries,0,36.648,3,24,34.72,0.06,0
2024-10-20,P0017,Clothing,0,59.648,4,0,58.89,0.0,0
2024-10-20,P0006,Groceries,0,52.908,2,0,52.72,0.0,1
2024-10-20,P0015,Furniture,0,60.558,3,0,59.7,0.0,0
2024-10-20,P0018,Electronics,0,76.024,3,0,77.05,0.0,0
2024-10-21,P0017,Clothing,0,59.648,4,0,58.89,0.0,0
2024-10-21,P0015,Furniture,0,60.558,3,0,50.14,0.16,1
2024-10-21,P0014,Toys,0,55.806,3,17,53.16,0.0,1
2024-10-22,P0007,Electronics,0,52.498,5,0,43.86,0.16,0
2024-10-22,P0018,Electronics,0,76.024,1,0,77.05,0.0,0
2024-10-22,P0010,Toys,0,67.59,5,15,66.48,0.0,0
2024-10-22,P0006,Groceries,0,52.908,5,0,52.72,0.0,0
2024-10-22,P0016,Groceries,0,36.648,2,24,36.94,0.0,1
2024-10-22,P0013,Groceries,0,74.3,1,0,75.42,0.0,0
2024-10-23,P0003,Groceries,0,48.61,5,20,42.56,0.13,1
2024-10-23,P0016,Groceries,0,36.648,3,24,36.94,0.0,0
2024-10-23,P0006,Groceries,0,52.908,4,0,49.03,0.07,0
2024-10-23,P0017,Clothing,0,59.648,2,0,58.89,0.0,0
2024-10-23,P0013,Groceries,0,74.3,5,0,61.09,0.19,1
2024-10-23,P0013,Groceries,0,74.3,8,0,75.42,0.0,1
2024-10-23,P0003,Groceries,0,48.61,1,20,48.92,0.0,0
2024-10-23,P0007,Electronics,0,52.498,6,0,46.47,0.11,1
2024-10-24,P0007,Electronics,0,52.498,5,0,52.21,0.0,0
2024-10-24,P0010,Toys,0,67.59,9,15,66.48,0.0,0
2024-10-24,P0009,Furniture,0,53.278,4,21,52.63,0.0,0
2024-10-24,P0006,Groceries,0,52.908,5,0,52.72,0.0,0
2024-10-24,P0005,Groceries,0,29.326,6,0,30.38,0.0,1
2024-10-24,P0006,Groceries,0,52.908,7,0,47.45,0.1,0
2024-10-24,P0017,Clothing,0,59.648,6,0,58.89,0.0,0
2024-10-24,P0013,Groceries,0,74.3,4,0,69.38,0.08,0
2024-10-25,P0016,Groceries,0,36.648,3,24,31.03,0.16,1
2024-10-25,P0003,Groceries,0,48.61,4,20,48.92,0.0,0
2024-10-25,P0003,Groceries,0,48.61,3,20,48.92,0.0,0
2024-10-25,P0014,Toys,0,55.806,2,17,48.91,0.08,1
2024-10-25,P0018,Electronics,0,76.024,5,0,70.89,0.08,0
2024-10-25,P0016,Groceries,0,36.648,2,24,36.94,0.0,0
2024-10-25,P0018,Electronics,0,76.024,2,0,77.05,0.0,0
2024-10-26,P0015,Furniture,0,60.558,4,0,59.7,0.0,1
2024-10-26,P0008,Electronics,0,42.598,1,23,44.56,0.0,1
2024-10-27,P0018,Electronics,0,76.024,2,0,77.05,0.0,0
2024-10-27,P0014,Toys,0,55.806,2,17,53.16,0.0,0
2024-10-27,P0008,Electronics,0,42.598,4,23,44.56,0.0,0
2024-10-27,P0015,Furniture,0,60.558,3,0,53.73,0.1,0
2024-10-27,P0020,Toys,0,44.568,2,0,45.59,0.0,0
2024-10-28,P0010,Toys,0,67.59,4,15,66.48,0.0,0
2024-10-28,P0004,Electronics,0,52.388,5,21,51.73,0.0,0
2024-10-28,P0010,Toys,0,67.59,9,15,66.48,0.0,0
2024-10-29,P0017,Clothing,0,59.648,1,0,47.7,0.19,0
2024-10-29,P0005,Groceries,0,29.326,3,0,27.35,0.1,0
2024-10-29,P0006,Groceries,0,52.908,6,0,46.92,0.11,0
2024-10-29,P0014,Toys,0,55.806,2,17,53.16,0.0,0
2024-10-29,P0013,Groceries,0,74.3,2,0,75.42,0.0,0
2024-10-30,P0015,Furniture,0,60.558,1,0,54.32,0.09,0
2024-10-31,P0008,Electronics,0,42.598,4,23,44.56,0.0,1
2024-10-31,P0011,Electronics,0,55.71,3,0,54.32,0.0,0
2024-10-31,P0019,Clothing,0,25.176,5,34,23.96,0.0,1
2024-10-31,P0002,Furniture,0,74.256,5,15,74.09,0.0,1
2024-10-31,P0009,Furniture,0,53.278,5,21,42.1,0.2,1
2024-10-31,P0007,Electronics,0,52.498,3,0,52.21,0.0,0
2024-11-01,P0012,Clothing,0,53.014,9,0,42.98,0.2,0
2024-11-01,P0007,Electronics,0,52.498,1,0,52.21,0.0,0
2024-11-01,P0014,Toys,0,55.806,4,17,42.53,0.2,0
2024-11-01,P0006,Groceries,0,52.908,3,0,52.72,0.0,1
2024-11-02,P0020,Toys,0,44.568,8,0,42.4,0.07,0
2024-11-02,P0013,Groceries,0,74.3,4,0,68.63,0.09,1
2024-11-03,P0017,Clothing,0,59.648,4,0,58.89,0.0,0
2024-11-04,P0020,Toys,0,44.568,4,0,45.59,0.0,1
2024-11-04,P0009,Furniture,0,53.278,2,21,52.63,0.0,0
2024-11-04,P0016,Groceries,0,36.648,7,0,36.94,0.0,0
2024-11-04,P0016,Groceries,0,36.648,4,0,30.29,0.18,0
2024-11-04,P0011,Electronics,0,55.71,4,0,54.32,0.0,0
2024-11-05,P0011,Electronics,0,55.71,5,0,54.32,0.0,1
2024-11-05,P0006,Groceries,0,52.908,4,0,52.72,0.0,1
2024-11-05,P0008,Electronics,0,42.598,5,0,40.55,0.09,0
2024-11-05,P0010,Toys,0,67.59,1,15,66.48,0.0,0
2024-11-06,P0010,Toys,0,67.59,4,15,66.48,0.0,0
2024-11-06,P0013,Groceries,0,74.3,3,0,75.42,0.0,1
2024-11-06,P0012,Clothing,0,53.014,4,0,49.96,0.07,0
2024-11-06,P0003,Groceries,0,48.61,5,0,45.5,0.07,0
2024-11-06,P0002,Furniture,0,74.256,1,0,61.5,0.17,0
2024-11-07,P0011,Electronics,0,55.71,2,0,49.43,0.09,0
2024-11-07,P0016,Groceries,0,36.648,3,0,36.94,0.0,0
2024-11-07,P0005,Groceries,0,29.326,3,0,30.38,0.0,0
2024-11-07,P0020,Toys,0,44.568,4,0,45.59,0.0,0
2024-11-07,P0019,Clothing,0,25.176,3,34,23.96,0.0,1
2024-11-07,P0016,Groceries,0,36.648,6,0,36.94,0.0,0
2024-11-08,P0018,Electronics,0,76.024,4,0,77.05,0.0,1
2024-11-08,P0018,Electronics,0,76.024,1,0,77.05,0.0,0
2024-11-08,P0005,Groceries,0,29.326,5,0,27.95,0.08,0
2024-11-08,P0017,Clothing,0,59.648,4,0,58.89,0.0,0
2024-11-08,P0012,Clothing,0,53.014,4,0,53.72,0.0,1
2024-11-08,P0012,Clothing,0,53.014,2,0,53.72,0.0,0
2024-11-08,P0006,Groceries,0,52.908,3,0,52.72,0.0,0
2024-11-09,P0014,Toys,0,55.806,7,17,44.66,0.16,0
2024-11-10,P0012,Clothing,0,53.014,5,0,53.72,0.0,0
2024-11-10,P0006,Groceries,0,52.908,4,0,52.72,0.0,0
2024-11-10,P0019,Clothing,0,25.176,1,34,22.04,0.08,1
2024-11-10,P0017,Clothing,0,59.648,1,0,52.41,0.11,0
2024-11-11,P0011,Electronics,0,55.71,1,0,54.32,0.0,1
2024-11-11,P0006,Groceries,0,52.908,1,0,52.72,0.0,0
2024-11-11,P0011,Electronics,0,55.71,2,0,54.32,0.0,0
2024-11-11,P0016,Groceries,0,36.648,3,0,36.94,0.0,0
2024-11-12,P0006,Groceries,0,52.908,3,0,52.72,0.0,0
2024-11-12,P0010,Toys,0,67.59,1,15,66.48,0.0,0
2024-11-12,P0005,Groceries,0,29.326,4,0,30.38,0.0,1
2024-11-13,P0008,Electronics,0,42.598,1,0,38.77,0.13,0
2024-11-13,P0006,Groceries,0,52.908,2,0,52.72,0.0,0
2024-11-13,P0008,Electronics,0,42.598,4,0,36.54,0.18,0
2024-11-13,P0003,Groceries,0,48.61,3,0,48.92,0.0,1
2024-11-13,P0010,Toys,0,67.59,4,15,53.85,0.19,0
2024-11-13,P0020,Toys,0,44.568,1,0,45.59,0.0,0
2024-11-13,P0006,Groceries,0,52.908,1,0,43.76,0.17,0
2024-11-13,P0005,Groceries,0,29.326,4,0,30.38,0.0,0
2024-11-14,P0012,Clothing,0,53.014,3,0,53.72,0.0,1
2024-11-14,P0003,Groceries,0,48.61,3,0,48.92,0.0,0
2024-11-15,P0007,Electronics,0,52.498,8,0,52.21,0.0,1
2024-11-15,P0011,Electronics,0,55.71,4,0,54.32,0.0,0
2024-11-15,P0011,Electronics,0,55.71,3,0,54.32,0.0,0
2024-11-16,P0001,Groceries,0,52.674,3,0,54.95,0.0,0
2024-11-16,P0020,Toys,0,44.568,2,23,45.59,0.0,0
2024-11-17,P0012,Clothing,0,53.014,4,0,53.72,0.0,0
2024-11-17,P0008,Electronics,0,42.598,4,0,44.56,0.0,0
2024-11-17,P0018,Electronics,0,76.024,4,0,77.05,0.0,0
2024-11-17,P0014,Toys,0,55.806,8,17,53.16,0.0,1
2024-11-17,P0016,Groceries,0,36.648,10,22,36.94,0.0,1
2024-11-18,P0009,Furniture,0,53.278,3,21,48.42,0.08,0
2024-11-18,P0017,Clothing,0,59.648,2,0,50.64,0.14,0
2024-11-18,P0020,Toys,0,44.568,5,23,45.59,0.0,0
2024-11-19,P0005,Groceries,0,29.326,4,0,26.13,0.14,0
2024-11-20,P0005,Groceries,0,29.326,5,0,30.38,0.0,0
2024-11-20,P0011,Electronics,0,55.71,3,16,54.32,0.0,1
2024-11-20,P0003,Groceries,0,48.61,1,0,48.92,0.0,0
2024-11-20,P0002,Furniture,0,74.256,1,0,74.09,0.0,0
2024-11-20,P0009,Furniture,0,53.278,4,21,52.63,0.0,0
2024-11-20,P0008,Electronics,0,42.598,2,0,40.55,0.09,0
2024-11-20,P0008,Electronics,0,42.598,1,0,44.56,0.0,0
2024-11-20,P0014,Toys,0,55.806,1,17,53.16,0.0,0
2024-11-21,P0003,Groceries,0,48.61,5,0,48.92,0.0,0
2024-11-21,P0012,Clothing,0,53.014,6,0,53.72,0.0,0
2024-11-21,P0001,Groceries,0,52.674,2,0,54.95,0.0,1
2024-11-21,P0011,Electronics,0,55.71,2,16,54.32,0.0,0
2024-11-21,P0016,Groceries,0,36.648,5,22,36.94,0.0,0
2024-11-21,P0018,Electronics,0,76.024,4,0,77.05,0.0,0
2024-11-22,P0020,Toys,0,44.568,1,23,39.66,0.13,1
2024-11-22,P0015,Furniture,0,60.558,2,14,51.94,0.13,1
2024-11-22,P0011,Electronics,0,55.71,1,16,48.34,0.11,0
2024-11-23,P0012,Clothing,0,53.014,2,0,44.05,0.18,1
2024-11-23,P0008,Electronics,0,42.598,5,0,44.56,0.0,0
2024-11-23,P0017,Clothing,0,59.648,3,0,58.89,0.0,0
2024-11-24,P0011,Electronics,0,55.71,2,16,47.8,0.12,0
2024-11-24,P0017,Clothing,0,59.648,1,0,58.89,0.0,0
2024-11-24,P0006,Groceries,0,52.908,2,0,52.72,0.0,0
2024-11-24,P0017,Clothing,0,59.648,5,0,51.82,0.12,0
2024-11-24,P0020,Toys,0,44.568,2,23,36.93,0.19,0
2024-11-24,P0001,Groceries,0,52.674,1,0,46.71,0.15,0
2024-11-24,P0006,Groceries,0,52.908,3,0,52.72,0.0,1
2024-11-25,P0017,Clothing,0,59.648,2,0,58.89,0.0,0
2024-11-25,P0013,Groceries,0,74.3,4,0,75.42,0.0,0
2024-11-25,P0020,Toys,0,44.568,4,23,42.4,0.07,0
2024-11-25,P0006,Groceries,0,52.908,3,0,52.72,0.0,0
2024-11-25,P0011,Electronics,0,55.71,6,16,49.97,0.08,0
2024-11-25,P0018,Electronics,0,76.024,1,0,77.05,0.0,0
2024-11-26,P0012,Clothing,0,53.014,2,0,50.5,0.06,0
2024-11-26,P0013,Groceries,0,74.3,3,0,75.42,0.0,0
2024-11-26,P0016,Groceries,0,36.648,3,22,36.94,0.0,0
2024-11-26,P0018,Electronics,0,76.024,2,0,77.05,0.0,0
2024-11-27,P0020,Toys,0,44.568,4,23,42.85,0.06,0
2024-11-28,P0013,Groceries,0,74.3,2,0,75.42,0.0,0
2024-11-28,P0014,Toys,0,55.806,4,0,53.16,0.0,0
2024-11-28,P0020,Toys,0,44.568,4,23,45.59,0.0,0
2024-11-28,P0009,Furniture,0,53.278,2,0,52.63,0.0,1
2024-11-28,P0016,Groceries,0,36.648,3,22,29.55,0.2,1
2024-11-29,P0016,Groceries,0,36.648,2,22,36.94,0.0,0
2024-11-29,P0010,Toys,0,67.59,4,14,66.48,0.0,0
2024-11-29,P0003,Groceries,0,48.61,4,0,48.92,0.0,0
2024-11-29,P0004,Electronics,0,52.388,2,0,44.49,0.14,0
2024-11-29,P0017,Clothing,0,59.648,3,0,58.89,0.0,0
2024-11-30,P0007,Electronics,0,52.498,5,0,52.21,0.0,0
2024-11-30,P0015,Furniture,0,60.558,4,14,59.7,0.0,0
2024-11-30,P0007,Electronics,0,52.498,1,0,52.21,0.0,0
2024-11-30,P0009,Furniture,0,53.278,5,0,52.63,0.0,0
2024-11-30,P0007,Electronics,0,52.498,3,0,45.94,0.12,0
2024-11-30,P0011,Electronics,0,55.71,9,16,54.32,0.0,0
2024-12-01,P0017,Clothing,0,59.648,3,0,58.89,0.0,0
2024-12-02,P0016,Groceries,0,36.648,2,22,36.94,0.0,0
2024-12-02,P0010,Toys,0,67.59,1,31,57.84,0.13,0
2024-12-02,P0005,Groceries,0,29.326,5,0,30.38,0.0,1
2024-12-02,P0017,Clothing,0,59.648,5,0,58.89,0.0,0
2024-12-02,P0017,Clothing,0,59.648,8,0,47.11,0.2,1
2024-12-02,P0013,Groceries,0,74.3,1,0,75.42,0.0,0
2024-12-03,P0001,Groceries,0,52.674,5,21,54.95,0.0,0
2024-12-03,P0004,Electronics,0,52.388,5,0,51.73,0.0,0
2024-12-03,P0006,Groceries,0,52.908,7,0,52.72,0.0,0
2024-12-04,P0007,Electronics,0,52.498,4,18,52.21,0.0,0
2024-12-05,P0020,Toys,0,44.568,5,23,41.94,0.08,0
2024-12-05,P0013,Groceries,0,74.3,4,0,63.35,0.16,0
2024-12-05,P0010,Toys,0,67.59,3,31,66.48,0.0,0
2024-12-05,P0009,Furniture,0,53.278,6,0,52.63,0.0,0
2024-12-05,P0013,Groceries,0,74.3,4,0,75.42,0.0,0
2024-12-05,P0007,Electronics,0,52.498,3,18,52.21,0.0,0
2024-12-05,P0011,Electronics,0,55.71,3,16,54.32,0.0,0
2024-12-06,P0016,Groceries,0,36.648,2,22,36.94,0.0,0
2024-12-06,P0001,Groceries,0,52.674,10,21,54.95,0.0,0
2024-12-06,P0004,Electronics,0,52.388,2,0,51.73,0.0,1
2024-12-06,P0011,Electronics,0,55.71,10,16,45.63,0.16,0
2024-12-06,P0002,Furniture,0,74.256,3,0,74.09,0.0,0
2024-12-06,P0009,Furniture,0,53.278,4,0,52.63,0.0,1
2024-12-06,P0004,Electronics,0,52.388,1,0,51.73,0.0,0
2024-12-07,P0010,Toys,0,67.59,1,31,53.18,0.2,0
2024-12-07,P0013,Groceries,0,74.3,1,0,75.42,0.0,0
2024-12-07,P0019,Clothing,0,25.176,2,46,19.4,0.19,0
2024-12-07,P0010,Toys,0,67.59,3,31,62.49,0.06,0
2024-12-07,P0013,Groceries,0,74.3,6,0,75.42,0.0,1
2024-12-07,P0016,Groceries,0,36.648,3,22,36.94,0.0,1
2024-12-08,P0017,Clothing,0,59.648,5,0,53.59,0.09,0
2024-12-08,P0012,Clothing,0,53.014,5,16,53.72,0.0,0
2024-12-09,P0013,Groceries,0,74.3,4,0,75.42,0.0,0
2024-12-09,P0018,Electronics,0,76.024,3,10,63.95,0.17,0
2024-12-09,P0009,Furniture,0,53.278,3,0,52.63,0.0,1
2024-12-09,P0007,Electronics,0,52.498,4,18,52.21,0.0,0
2024-12-09,P0001,Groceries,0,52.674,5,21,54.95,0.0,1
2024-12-09,P0006,Groceries,0,52.908,1,0,52.72,0.0,0
2024-12-09,P0005,Groceries,0,29.326,3,0,30.38,0.0,0
2024-12-10,P0013,Groceries,0,74.3,4,0,75.42,0.0,0
2024-12-10,P0002,Furniture,0,74.256,1,0,74.09,0.0,0
2024-12-10,P0011,Electronics,0,55.71,2,16,54.32,0.0,0
2024-12-10,P0004,Electronics,0,52.388,2,0,51.73,0.0,0
2024-12-10,P0012,Clothing,0,53.014,5,16,53.72,0.0,0
2024-12-10,P0001,Groceries,0,52.674,2,21,49.45,0.1,1
2024-12-10,P0007,Electronics,0,52.498,3,18,44.38,0.15,0
2024-12-10,P0008,Electronics,0,42.598,2,0,44.56,0.0,0
2024-12-11,P0020,Toys,0,44.568,5,23,45.59,0.0,0
2024-12-11,P0015,Furniture,0,60.558,4,27,59.7,0.0,0
2024-12-11,P0010,Toys,0,67.59,1,31,66.48,0.0,0
2024-12-11,P0005,Groceries,0,29.326,4,0,30.38,0.0,0
2024-12-11,P0005,Groceries,0,29.326,3,0,30.38,0.0,0
2024-12-12,P0011,Electronics,0,55.71,1,16,44.54,0.18,0
2024-12-12,P0010,Toys,0,67.59,3,31,55.18,0.17,1
2024-12-12,P0013,Groceries,0,74.3,5,0,67.88,0.1,0
2024-12-12,P0009,Furniture,0,53.278,4,0,48.42,0.08,0
2024-12-13,P0014,Toys,0,55.806,5,0,48.91,0.08,0
2024-12-14,P0001,Groceries,0,52.674,1,21,48.35,0.12,0
2024-12-14,P0006,Groceries,0,52.908,2,0,50.08,0.05,0
2024-12-15,P0014,Toys,0,55.806,2,0,42.53,0.2,0
2024-12-16,P0008,Electronics,0,42.598,2,0,44.56,0.0,0
2024-12-16,P0013,Groceries,0,74.3,5,0,75.42,0.0,0
2024-12-17,P0001,Groceries,0,52.674,3,21,54.95,0.0,1
2024-12-17,P0012,Clothing,0,53.014,5,16,53.72,0.0,1
2024-12-17,P0014,Toys,0,55.806,4,0,47.85,0.1,1
2024-12-17,P0009,Furniture,0,53.278,4,0,52.63,0.0,0
2024-12-17,P0005,Groceries,0,29.326,7,0,27.35,0.1,0
2024-12-18,P0009,Furniture,0,53.278,3,0,52.63,0.0,0
2024-12-18,P0015,Furniture,0,60.558,5,13,50.74,0.15,0
2024-12-18,P0001,Groceries,0,52.674,2,21,54.95,0.0,0
2024-12-18,P0012,Clothing,0,53.014,4,16,53.72,0.0,0
2024-12-18,P0013,Groceries,0,74.3,4,0,75.42,0.0,0
2024-12-18,P0002,Furniture,0,74.256,5,0,74.09,0.0,0
2024-12-18,P0008,Electronics,0,42.598,3,0,41.89,0.06,0
2024-12-18,P0017,Clothing,0,59.648,3,0,58.89,0.0,0
2024-12-19,P0017,Clothing,0,59.648,4,0,51.23,0.13,1
2024-12-19,P0007,Electronics,0,52.498,2,18,47.51,0.09,0
2024-12-19,P0016,Groceries,0,36.648,4,0,36.94,0.0,1
2024-12-19,P0002,Furniture,0,74.256,3,0,74.09,0.0,1
2024-12-19,P0010,Toys,0,67.59,5,17,66.48,0.0,0
2024-12-19,P0013,Groceries,0,74.3,2,0,64.11,0.15,1
2024-12-19,P0011,Electronics,0,55.71,1,0,44.54,0.18,0
2024-12-19,P0019,Clothing,0,25.176,4,0,22.76,0.05,1
2024-12-20,P0012,Clothing,0,53.014,3,16,53.72,0.0,1
2024-12-20,P0009,Furniture,0,53.278,10,0,52.63,0.0,0
2024-12-20,P0013,Groceries,0,74.3,4,0,75.42,0.0,0
2024-12-21,P0015,Furniture,0,60.558,5,13,59.7,0.0,1
2024-12-21,P0002,Furniture,0,74.256,3,0,68.91,0.07,0
2024-12-21,P0018,Electronics,0,76.024,4,10,67.04,0.13,0
2024-12-21,P0012,Clothing,0,53.014,3,16,53.72,0.0,0
2024-12-21,P0006,Groceries,0,52.908,6,0,52.72,0.0,0
2024-12-21,P0015,Furniture,0,60.558,4,13,59.7,0.0,0
2024-12-21,P0014,Toys,0,55.806,2,0,53.16,0.0,0
2024-12-21,P0006,Groceries,0,52.908,5,0,52.72,0.0,0
2024-12-22,P0020,Toys,0,44.568,5,0,45.59,0.0,0
2024-12-22,P0004,Electronics,0,52.388,3,0,51.73,0.0,0
2024-12-23,P0019,Clothing,0,25.176,5,0,21.08,0.12,0
2024-12-23,P0010,Toys,0,67.59,5,17,66.48,0.0,1
2024-12-23,P0010,Toys,0,67.59,4,17,66.48,0.0,1
2024-12-23,P0013,Groceries,0,74.3,5,0,71.65,0.05,0
2024-12-23,P0018,Electronics,0,76.024,3,10,77.05,0.0,0
2024-12-23,P0001,Groceries,0,52.674,3,21,54.95,0.0,0
2024-12-24,P0020,Toys,0,44.568,4,25,41.94,0.08,0
2024-12-25,P0015,Furniture,0,60.558,6,13,48.35,0.19,1
2024-12-25,P0005,Groceries,0,29.326,5,0,30.38,0.0,1
2024-12-25,P0005,Groceries,0,29.326,5,0,27.04,0.11,1
2024-12-25,P0019,Clothing,0,25.176,5,47,23.96,0.0,1
2024-12-25,P0007,Electronics,0,52.498,3,18,52.21,0.0,0
2024-12-25,P0012,Clothing,0,53.014,4,16,45.12,0.16,0
2024-12-25,P0008,Electronics,0,42.598,2,0,36.1,0.19,0
2024-12-25,P0010,Toys,0,67.59,2,17,62.49,0.06,1
2024-12-26,P0013,Groceries,0,74.3,4,0,75.42,0.0,0
2024-12-27,P0010,Toys,0,67.59,5,17,66.48,0.0,1
2024-12-27,P0018,Electronics,0,76.024,4,10,77.05,0.0,0
2024-12-27,P0015,Furniture,0,60.558,4,13,59.7,0.0,0
2024-12-28,P0002,Furniture,0,74.256,1,12,74.09,0.0,0
2024-12-28,P0003,Groceries,0,48.61,8,18,45.5,0.07,0
2024-12-28,P0009,Furniture,0,53.278,2,16,52.63,0.0,0
2024-12-29,P0006,Groceries,0,52.908,3,17,45.34,0.14,0
2024-12-29,P0004,Electronics,0,52.388,1,0,45.0,0.13,1
2024-12-29,P0014,Toys,0,55.806,5,0,44.12,0.17,0
2024-12-29,P0007,Electronics,0,52.498,4,18,44.9,0.14,0
2024-12-29,P0010,Toys,0,67.59,4,17,66.48,0.0,0
2024-12-29,P0012,Clothing,0,53.014,2,16,53.72,0.0,0
2024-12-30,P0012,Clothing,0,53.014,3,16,53.72,0.0,0
2024-12-31,P0010,Toys,0,67.59,2,17,66.48,0.0,0
2024-12-31,P0009,Furniture,0,53.278,1,16,42.63,0.19,0
2024-12-31,P0006,Groceries,0,52.908,5,17,52.72,0.0,0
2025-01-01,P0017,Clothing,0,59.648,2,18,58.89,0.0,1
2025-01-01,P0012,Clothing,0,53.014,3,0,53.72,0.0,0
2025-01-02,P0004,Electronics,0,52.388,5,0,51.73,0.0,0
2025-01-02,P0011,Electronics,0,55.71,4,0,54.32,0.0,0
2025-01-02,P0004,Electronics,0,52.388,1,0,51.73,0.0,1
2025-01-02,P0003,Groceries,0,48.61,2,18,42.07,0.14,0
2025-01-02,P0020,Toys,0,44.568,5,25,45.59,0.0,0
2025-01-02,P0012,Clothing,0,53.014,4,0,53.72,0.0,1
2025-01-03,P0008,Electronics,0,42.598,3,0,38.77,0.13,0
2025-01-03,P0012,Clothing,0,53.014,5,0,53.72,0.0,1
2025-01-03,P0003,Groceries,0,48.61,4,18,48.92,0.0,0
2025-01-04,P0005,Groceries,0,29.326,4,0,28.56,0.06,0
2025-01-04,P0005,Groceries,0,29.326,7,0,30.38,0.0,0
2025-01-04,P0009,Furniture,0,53.278,5,16,52.63,0.0,0
2025-01-04,P0017,Clothing,0,59.648,1,18,58.89,0.0,1
2025-01-04,P0008,Electronics,0,42.598,2,0,37.88,0.15,0
2025-01-05,P0012,Clothing,0,53.014,3,0,47.27,0.12,0
2025-01-06,P0005,Groceries,0,29.326,2,0,30.38,0.0,0
2025-01-06,P0010,Toys,0,67.59,5,0,59.17,0.11,1
2025-01-06,P0003,Groceries,0,48.61,4,18,48.92,0.0,0
2025-01-06,P0009,Furniture,0,53.278,3,16,45.79,0.13,0
2025-01-06,P0017,Clothing,0,59.648,5,18,58.89,0.0,0
2025-01-07,P0016,Groceries,0,36.648,2,22,36.94,0.0,0
2025-01-07,P0008,Electronics,0,42.598,10,0,44.56,0.0,0
2025-01-07,P0007,Electronics,0,52.498,5,0,48.56,0.07,0
2025-01-07,P0006,Groceries,0,52.908,5,17,52.72,0.0,0
2025-01-07,P0015,Furniture,0,60.558,3,0,50.74,0.15,0
2025-01-08,P0003,Groceries,0,48.61,10,18,48.92,0.0,0
2025-01-08,P0006,Groceries,0,52.908,3,17,52.72,0.0,1
2025-01-08,P0014,Toys,0,55.806,3,0,44.66,0.16,1
2025-01-08,P0010,Toys,0,67.59,10,0,57.84,0.13,0
2025-01-09,P0017,Clothing,0,59.648,4,18,58.89,0.0,1
2025-01-09,P0015,Furniture,0,60.558,4,0,59.7,0.0,0
2025-01-09,P0007,Electronics,0,52.498,4,0,52.21,0.0,0
2025-01-10,P0006,Groceries,0,52.908,5,17,52.72,0.0,0
2025-01-10,P0004,Electronics,0,52.388,4,0,51.73,0.0,0
2025-01-10,P0014,Toys,0,55.806,4,0,53.16,0.0,1
2025-01-10,P0003,Groceries,0,48.61,2,18,48.92,0.0,0
2025-01-10,P0008,Electronics,0,42.598,4,0,44.56,0.0,0
2025-01-10,P0012,Clothing,0,53.014,3,0,53.72,0.0,1
2025-01-10,P0012,Clothing,0,53.014,4,0,43.51,0.19,0
2025-01-11,P0005,Groceries,0,29.326,2,0,30.38,0.0,0
2025-01-11,P0019,Clothing,0,25.176,7,47,23.96,0.0,1
2025-01-11,P0008,Electronics,0,42.598,1,0,44.56,0.0,0
2025-01-12,P0004,Electronics,0,52.388,5,0,51.73,0.0,0
2025-01-12,P0016,Groceries,0,36.648,5,22,36.94,0.0,1
2025-01-12,P0019,Clothing,0,25.176,6,47,23.96,0.0,0
2025-01-12,P0003,Groceries,0,48.61,5,18,39.14,0.2,0
2025-01-12,P0007,Electronics,0,52.498,1,0,48.56,0.07,1
2025-01-12,P0005,Groceries,0,29.326,6,0,30.38,0.0,0
2025-01-12,P0007,Electronics,0,52.498,5,0,52.21,0.0,1
2025-01-12,P0017,Clothing,0,59.648,1,18,58.89,0.0,1
2025-01-13,P0010,Toys,0,67.59,2,0,61.82,0.07,0
2025-01-13,P0005,Groceries,0,29.326,3,0,30.38,0.0,0
2025-01-13,P0012,Clothing,0,53.014,5,0,53.72,0.0,0
2025-01-13,P0011,Electronics,0,55.71,2,0,54.32,0.0,0
2025-01-13,P0013,Groceries,0,74.3,5,0,62.6,0.17,1
2025-01-13,P0010,Toys,0,67.59,5,0,66.48,0.0,0
2025-01-13,P0009,Furniture,0,53.278,5,16,47.37,0.1,0
2025-01-13,P0016,Groceries,0,36.648,4,22,36.94,0.0,0
2025-01-14,P0009,Furniture,0,53.278,5,16,52.63,0.0,0
2025-01-14,P0014,Toys,0,55.806,4,0,53.16,0.0,1
2025-01-14,P0010,Toys,0,67.59,3,0,66.48,0.0,0
2025-01-14,P0017,Clothing,0,59.648,3,18,51.82,0.12,1
2025-01-14,P0011,Electronics,0,55.71,2,0,54.32,0.0,0
2025-01-14,P0013,Groceries,0,74.3,1,0,67.88,0.1,0
2025-01-14,P0013,Groceries,0,74.3,3,0,75.42,0.0,0
2025-01-14,P0020,Toys,0,44.568,5,25,45.59,0.0,0
2025-01-15,P0007,Electronics,0,52.498,3,0,48.03,0.08,0
2025-01-15,P0003,Groceries,0,48.61,9,18,48.92,0.0,1
2025-01-15,P0010,Toys,0,67.59,5,0,59.17,0.11,0
2025-01-15,P0007,Electronics,0,52.498,2,0,52.21,0.0,0
2025-01-15,P0002,Furniture,0,74.256,3,12,74.09,0.0,0
2025-01-15,P0016,Groceries,0,36.648,5,22,36.94,0.0,0
2025-01-16,P0004,Electronics,0,52.388,4,0,51.73,0.0,0
2025-01-16,P0001,Groceries,0,52.674,2,18,54.95,0.0,0
2025-01-16,P0014,Toys,0,55.806,5,14,53.16,0.0,0
2025-01-16,P0017,Clothing,0,59.648,7,18,53.0,0.1,1
2025-01-16,P0010,Toys,0,67.59,3,0,66.48,0.0,0
2025-01-16,P0010,Toys,0,67.59,3,0,55.84,0.16,0
2025-01-16,P0005,Groceries,0,29.326,5,0,30.38,0.0,0
2025-01-17,P0012,Clothing,0,53.014,5,0,53.72,0.0,0
2025-01-17,P0011,Electronics,0,55.71,3,0,54.32,0.0,0
2025-01-17,P0008,Electronics,0,42.598,4,25,44.56,0.0,0
2025-01-17,P0007,Electronics,0,52.498,1,18,52.21,0.0,0
2025-01-17,P0001,Groceries,0,52.674,2,18,54.95,0.0,0
2025-01-18,P0011,Electronics,0,55.71,4,0,54.32,0.0,0
2025-01-18,P0020,Toys,0,44.568,5,25,45.59,0.0,0
2025-01-18,P0006,Groceries,0,52.908,7,31,52.72,0.0,1
2025-01-18,P0010,Toys,0,67.59,4,0,66.48,0.0,0
2025-01-18,P0004,Electronics,0,52.388,3,0,48.11,0.07,0
2025-01-18,P0002,Furniture,0,74.256,2,12,74.09,0.0,0
2025-01-18,P0010,Toys,0,67.59,1,0,56.51,0.15,0
2025-01-18,P0011,Electronics,0,55.71,5,0,48.89,0.1,0
2025-01-19,P0001,Groceries,0,52.674,1,18,50.0,0.09,0
2025-01-19,P0003,Groceries,0,48.61,4,18,48.92,0.0,1
2025-01-19,P0019,Clothing,0,25.176,4,47,19.4,0.19,0
2025-01-19,P0010,Toys,0,67.59,1,0,66.48,0.0,0
2025-01-19,P0007,Electronics,0,52.498,1,18,44.9,0.14,0
2025-01-19,P0012,Clothing,0,53.014,2,0,47.81,0.11,1
2025-01-19,P0011,Electronics,0,55.71,1,0,54.32,0.0,1
2025-01-20,P0003,Groceries,0,48.61,5,18,48.92,0.0,0
2025-01-20,P0013,Groceries,0,74.3,8,13,75.42,0.0,0
2025-01-21,P0014,Toys,0,55.806,3,14,53.16,0.0,0
2025-01-21,P0009,Furniture,0,53.278,1,33,46.31,0.12,0
2025-01-21,P0008,Electronics,0,42.598,5,25,44.56,0.0,1
2025-01-21,P0005,Groceries,0,29.326,3,0,30.38,0.0,1
2025-01-21,P0013,Groceries,0,74.3,4,13,75.42,0.0,0
2025-01-21,P0014,Toys,0,55.806,1,14,53.16,0.0,1
2025-01-21,P0007,Electronics,0,52.498,1,18,52.21,0.0,0
2025-01-22,P0015,Furniture,0,60.558,4,18,59.7,0.0,0
2025-01-22,P0012,Clothing,0,53.014,7,0,53.72,0.0,0
2025-01-22,P0009,Furniture,0,53.278,4,33,52.63,0.0,0
2025-01-22,P0017,Clothing,0,59.648,1,18,58.89,0.0,1
2025-01-22,P0016,Groceries,0,36.648,5,22,30.66,0.17,0
2025-01-22,P0004,Electronics,0,52.388,4,0,43.97,0.15,0
2025-01-22,P0005,Groceries,0,29.326,7,0,30.38,0.0,0
2025-01-23,P0015,Furniture,0,60.558,1,18,59.7,0.0,0
2025-01-23,P0010,Toys,0,67.59,1,0,54.51,0.18,0
2025-01-24,P0002,Furniture,0,74.256,3,0,64.46,0.13,0
2025-01-24,P0017,Clothing,0,59.648,3,0,58.89,0.0,0
2025-01-24,P0002,Furniture,0,74.256,3,0,74.09,0.0,0
2025-01-25,P0020,Toys,0,44.568,3,0,38.75,0.15,0
2025-01-25,P0011,Electronics,0,55.71,9,0,44.0,0.19,0
2025-01-25,P0017,Clothing,0,59.648,1,0,58.89,0.0,0
2025-01-25,P0010,Toys,0,67.59,2,0,56.51,0.15,0
2025-01-25,P0007,Electronics,0,52.498,5,18,49.6,0.05,0
2025-01-25,P0012,Clothing,0,53.014,1,0,45.12,0.16,0
2025-01-26,P0003,Groceries,0,48.61,1,0,48.92,0.0,0
2025-01-26,P0002,Furniture,0,74.256,4,0,74.09,0.0,0
2025-01-26,P0002,Furniture,0,74.256,3,0,74.09,0.0,0
2025-01-26,P0013,Groceries,0,74.3,3,13,75.42,0.0,0
2025-01-26,P0012,Clothing,0,53.014,4,0,47.27,0.12,0
2025-01-26,P0006,Groceries,0,52.908,2,14,52.72,0.0,0
2025-01-26,P0012,Clothing,0,53.014,4,0,43.51,0.19,0
2025-01-27,P0002,Furniture,0,74.256,3,0,74.09,0.0,0
2025-01-27,P0007,Electronics,0,52.498,5,18,46.99,0.1,0
2025-01-27,P0009,Furniture,0,53.278,2,17,52.63,0.0,0
2025-01-27,P0006,Groceries,0,52.908,3,14,52.72,0.0,1
2025-01-27,P0014,Toys,0,55.806,10,14,53.16,0.0,0
2025-01-27,P0004,Electronics,0,52.388,2,0,41.38,0.2,0
2025-01-28,P0005,Groceries,0,29.326,5,0,28.56,0.06,0
2025-01-28,P0010,Toys,0,67.59,1,0,60.49,0.09,0
2025-01-28,P0012,Clothing,0,53.014,3,0,53.72,0.0,0
2025-01-29,P0016,Groceries,0,36.648,2,0,36.94,0.0,0
2025-01-29,P0004,Electronics,0,52.388,6,0,51.73,0.0,0
2025-01-29,P0017,Clothing,0,59.648,5,0,58.89,0.0,0
2025-01-29,P0001,Groceries,0,52.674,1,18,54.95,0.0,0
2025-01-30,P0002,Furniture,0,74.256,4,0,64.46,0.13,0
2025-01-30,P0020,Toys,0,44.568,1,0,45.59,0.0,0
2025-01-30,P0004,Electronics,0,52.388,8,0,51.73,0.0,1
2025-01-30,P0015,Furniture,0,60.558,4,18,59.7,0.0,0
2025-01-30,P0005,Groceries,0,29.326,5,0,30.38,0.0,0
2025-01-31,P0005,Groceries,0,29.326,3,0,30.38,0.0,0
2025-01-31,P0007,Electronics,0,52.498,9,18,52.21,0.0,0
2025-01-31,P0014,Toys,0,55.806,5,14,53.16,0.0,0
2025-01-31,P0016,Groceries,0,36.648,5,0,36.94,0.0,0
2025-01-31,P0011,Electronics,0,55.71,10,0,46.72,0.14,0
2025-02-01,P0004,Electronics,0,52.388,4,0,51.73,0.0,0
2025-02-01,P0018,Electronics,0,76.024,5,0,77.05,0.0,0
2025-02-02,P0017,Clothing,0,59.648,4,0,50.05,0.15,0
2025-02-02,P0010,Toys,0,67.59,6,0,66.48,0.0,0
2025-02-02,P0007,Electronics,0,52.498,1,18,52.21,0.0,0
2025-02-02,P0013,Groceries,0,74.3,2,13,75.42,0.0,0
2025-02-02,P0017,Clothing,0,59.648,4,0,58.89,0.0,1
2025-02-02,P0019,Clothing,0,25.176,4,0,23.96,0.0,0
2025-02-02,P0011,Electronics,0,55.71,4,0,51.06,0.06,0
2025-02-03,P0020,Toys,0,44.568,1,0,40.57,0.11,0
2025-02-03,P0016,Groceries,0,36.648,2,0,36.94,0.0,1
2025-02-04,P0011,Electronics,0,55.71,3,0,54.32,0.0,0
2025-02-05,P0016,Groceries,0,36.648,5,0,36.94,0.0,0
2025-02-05,P0020,Toys,0,44.568,4,17,45.59,0.0,1
2025-02-05,P0019,Clothing,0,25.176,3,0,19.88,0.17,0
2025-02-05,P0009,Furniture,0,53.278,10,17,52.63,0.0,1
2025-02-05,P0011,Electronics,0,55.71,9,0,45.63,0.16,0
2025-02-06,P0015,Furniture,0,60.558,1,18,59.7,0.0,0
2025-02-06,P0005,Groceries,0,29.326,4,0,25.52,0.16,0
2025-02-06,P0006,Groceries,0,52.908,5,14,52.72,0.0,0
2025-02-06,P0001,Groceries,0,52.674,3,34,54.95,0.0,0
2025-02-06,P0006,Groceries,0,52.908,5,14,52.72,0.0,0
2025-02-07,P0019,Clothing,0,25.176,1,0,20.12,0.16,0
2025-02-07,P0003,Groceries,0,48.61,4,0,48.92,0.0,0
2025-02-07,P0018,Electronics,0,76.024,2,0,77.05,0.0,0
2025-02-07,P0003,Groceries,0,48.61,5,0,45.01,0.08,1
2025-02-08,P0006,Groceries,0,52.908,5,14,52.72,0.0,1
2025-02-08,P0002,Furniture,0,74.256,5,0,74.09,0.0,0
2025-02-08,P0015,Furniture,0,60.558,5,18,59.7,0.0,0
2025-02-08,P0016,Groceries,0,36.648,5,0,36.94,0.0,1
2025-02-08,P0011,Electronics,0,55.71,2,0,54.32,0.0,0
2025-02-08,P0006,Groceries,0,52.908,2,14,52.72,0.0,0
2025-02-08,P0013,Groceries,0,74.3,4,13,62.6,0.17,0
2025-02-08,P0013,Groceries,0,74.3,7,13,64.11,0.15,0
2025-02-09,P0004,Electronics,0,52.388,5,0,42.42,0.18,0
2025-02-09,P0014,Toys,0,55.806,2,14,49.44,0.07,0
2025-02-09,P0020,Toys,0,44.568,1,17,45.59,0.0,0
2025-02-09,P0018,Electronics,0,76.024,3,0,77.05,0.0,0
2025-02-09,P0002,Furniture,0,74.256,5,0,74.09,0.0,0
2025-02-10,P0012,Clothing,0,53.014,5,14,53.72,0.0,0
2025-02-10,P0013,Groceries,0,74.3,2,13,75.42,0.0,0
2025-02-10,P0010,Toys,0,67.59,4,0,59.17,0.11,1
2025-02-10,P0006,Groceries,0,52.908,4,14,52.72,0.0,0
2025-02-10,P0017,Clothing,0,59.648,1,0,52.41,0.11,1
2025-02-10,P0008,Electronics,0,42.598,5,25,36.99,0.17,0
2025-02-10,P0013,Groceries,0,74.3,4,13,75.42,0.0,0
2025-02-11,P0009,Furniture,0,53.278,5,17,52.63,0.0,0
2025-02-11,P0005,Groceries,0,29.326,3,0,30.38,0.0,0
2025-02-11,P0016,Groceries,0,36.648,4,0,36.94,0.0,0
2025-02-11,P0004,Electronics,0,52.388,5,0,51.73,0.0,1
2025-02-12,P0004,Electronics,0,52.388,3,0,51.73,0.0,0
2025-02-12,P0002,Furniture,0,74.256,2,0,74.09,0.0,1
2025-02-12,P0002,Furniture,0,74.256,3,0,74.09,0.0,1
2025-02-13,P0003,Groceries,0,48.61,10,0,48.92,0.0,1
2025-02-13,P0005,Groceries,0,29.326,5,0,30.38,0.0,0
2025-02-13,P0019,Clothing,0,25.176,3,0,23.96,0.0,0
2025-02-14,P0017,Clothing,0,59.648,2,0,58.89,0.0,0
2025-02-14,P0009,Furniture,0,53.278,2,17,43.68,0.17,0
2025-02-15,P0014,Toys,0,55.806,4,14,53.16,0.0,0
2025-02-15,P0013,Groceries,0,74.3,1,13,75.42,0.0,1
2025-02-15,P0006,Groceries,0,52.908,5,14,46.39,0.12,0
2025-02-15,P0006,Groceries,0,52.908,2,14,52.72,0.0,0
2025-02-15,P0008,Electronics,0,42.598,3,25,44.56,0.0,0
2025-02-15,P0018,Electronics,0,76.024,4,0,77.05,0.0,1
2025-02-15,P0006,Groceries,0,52.908,9,14,47.97,0.09,0
2025-02-15,P0002,Furniture,0,74.256,3,0,64.46,0.13,0
2025-02-16,P0006,Groceries,0,52.908,2,0,42.17,0.2,1
2025-02-16,P0003,Groceries,0,48.61,1,0,48.92,0.0,0
2025-02-16,P0010,Toys,0,67.59,4,0,56.51,0.15,1
2025-02-16,P0012,Clothing,0,53.014,1,14,53.72,0.0,0
2025-02-16,P0009,Furniture,0,53.278,3,0,52.63,0.0,0
2025-02-16,P0006,Groceries,0,52.908,3,0,52.72,0.0,0
2025-02-17,P0001,Groceries,0,52.674,4,16,54.95,0.0,0
2025-02-17,P0014,Toys,0,55.806,1,0,49.97,0.06,1
2025-02-17,P0005,Groceries,0,29.326,7,0,30.38,0.0,0
2025-02-17,P0010,Toys,0,67.59,1,0,66.48,0.0,0
2025-02-18,P0008,Electronics,0,42.598,5,0,44.56,0.0,0
2025-02-18,P0001,Groceries,0,52.674,2,16,54.95,0.0,0
2025-02-18,P0018,Electronics,0,76.024,4,0,77.05,0.0,1
2025-02-18,P0013,Groceries,0,74.3,3,0,60.33,0.2,1
2025-02-18,P0001,Groceries,0,52.674,4,16,54.95,0.0,1
2025-02-18,P0020,Toys,0,44.568,3,17,45.59,0.0,0
2025-02-18,P0003,Groceries,0,48.61,5,0,48.92,0.0,0
2025-02-19,P0014,Toys,0,55.806,2,0,49.97,0.06,0
2025-02-19,P0004,Electronics,0,52.388,1,0,48.11,0.07,0
2025-02-19,P0005,Groceries,0,29.326,2,0,30.38,0.0,0
2025-02-19,P0018,Electronics,0,76.024,4,0,77.05,0.0,0
2025-02-19,P0020,Toys,0,44.568,2,17,45.59,0.0,0
2025-02-19,P0007,Electronics,0,52.498,2,0,52.21,0.0,0
2025-02-19,P0008,Electronics,0,42.598,3,0,36.54,0.18,0
2025-02-19,P0001,Groceries,0,52.674,5,16,54.95,0.0,0
2025-02-20,P0004,Electronics,0,52.388,3,0,48.62,0.06,0
2025-02-20,P0010,Toys,0,67.59,2,0,66.48,0.0,0
2025-02-20,P0013,Groceries,0,74.3,7,0,64.86,0.14,1
2025-02-21,P0016,Groceries,0,36.648,5,0,36.94,0.0,0
2025-02-22,P0015,Furniture,0,60.558,2,0,59.7,0.0,0
2025-02-22,P0005,Groceries,0,29.326,4,0,26.43,0.13,0
2025-02-22,P0014,Toys,0,55.806,5,0,49.44,0.07,0
2025-02-22,P0005,Groceries,0,29.326,4,0,30.38,0.0,0
2025-02-22,P0019,Clothing,0,25.176,10,0,21.8,0.09,1
2025-02-22,P0005,Groceries,0,29.326,2,0,30.38,0.0,0
2025-02-23,P0002,Furniture,0,74.256,3,0,74.09,0.0,1
2025-02-23,P0020,Toys,0,44.568,3,17,45.59,0.0,0
2025-02-24,P0012,Clothing,0,53.014,5,14,53.72,0.0,0
2025-02-24,P0012,Clothing,0,53.014,3,14,53.72,0.0,0
2025-02-24,P0009,Furniture,0,53.278,1,0,52.63,0.0,1
2025-02-24,P0009,Furniture,0,53.278,5,0,43.68,0.17,0
2025-02-25,P0005,Groceries,0,29.326,4,0,27.04,0.11,0
2025-02-26,P0014,Toys,0,55.806,5,0,53.16,0.0,0
2025-02-26,P0008,Electronics,0,42.598,4,0,44.56,0.0,0
2025-02-26,P0014,Toys,0,55.806,3,0,48.91,0.08,0
2025-02-26,P0018,Electronics,0,76.024,5,0,77.05,0.0,1
2025-02-26,P0007,Electronics,0,52.498,3,0,52.21,0.0,0
2025-02-27,P0009,Furniture,0,53.278,4,0,43.68,0.17,0
2025-02-28,P0001,Groceries,0,52.674,1,16,54.95,0.0,0
2025-03-01,P0013,Groceries,0,74.3,3,0,64.86,0.14,0
2025-03-01,P0001,Groceries,0,52.674,1,16,54.95,0.0,0
2025-03-01,P0004,Electronics,0,52.388,2,0,51.73,0.0,1
2025-03-02,P0003,Groceries,0,48.61,5,0,48.92,0.0,1
2025-03-02,P0015,Furniture,0,60.558,4,0,59.7,0.0,1
2025-03-02,P0011,Electronics,0,55.71,3,0,54.32,0.0,0
2025-03-02,P0014,Toys,0,55.806,5,0,53.16,0.0,0
2025-03-02,P0013,Groceries,0,74.3,1,0,75.42,0.0,0
2025-03-02,P0017,Clothing,0,59.648,2,0,48.29,0.18,0
2025-03-02,P0016,Groceries,0,36.648,7,0,31.76,0.14,0
2025-03-03,P0009,Furniture,0,53.278,5,18,52.63,0.0,0
2025-03-04,P0017,Clothing,0,59.648,3,0,58.89,0.0,1
2025-03-04,P0013,Groceries,0,74.3,1,0,75.42,0.0,0
2025-03-04,P0004,Electronics,0,52.388,5,17,42.93,0.17,1
2025-03-04,P0010,Toys,0,67.59,4,0,66.48,0.0,0
2025-03-05,P0017,Clothing,0,59.648,3,0,58.89,0.0,0
2025-03-05,P0012,Clothing,0,53.014,5,14,53.72,0.0,1
2025-03-05,P0003,Groceries,0,48.61,3,0,48.92,0.0,1
2025-03-06,P0004,Electronics,0,52.388,5,17,46.56,0.1,0
2025-03-06,P0018,Electronics,0,76.024,2,0,77.05,0.0,0
2025-03-06,P0002,Furniture,0,74.256,10,0,74.09,0.0,0
2025-03-06,P0013,Groceries,0,74.3,2,0,67.12,0.11,0
2025-03-07,P0002,Furniture,0,74.256,2,0,74.09,0.0,0
2025-03-07,P0008,Electronics,0,42.598,2,0,44.56,0.0,0
2025-03-07,P0003,Groceries,0,48.61,5,0,48.92,0.0,0
2025-03-07,P0018,Electronics,0,76.024,2,0,77.05,0.0,0
2025-03-07,P0005,Groceries,0,29.326,3,28,30.38,0.0,0
2025-03-07,P0007,Electronics,0,52.498,3,0,52.21,0.0,0
2025-03-08,P0015,Furniture,0,60.558,3,0,59.7,0.0,1
2025-03-08,P0006,Groceries,0,52.908,5,0,42.7,0.19,0
2025-03-09,P0009,Furniture,0,53.278,10,18,52.63,0.0,1
2025-03-09,P0014,Toys,0,55.806,4,0,53.16,0.0,0
2025-03-10,P0004,Electronics,0,52.388,2,17,51.73,0.0,0
2025-03-10,P0003,Groceries,0,48.61,1,0,48.92,0.0,0
2025-03-10,P0004,Electronics,0,52.388,3,17,41.9,0.19,1
2025-03-10,P0008,Electronics,0,42.598,1,0,44.56,0.0,0
2025-03-11,P0002,Furniture,0,74.256,5,0,74.09,0.0,0
2025-03-11,P0020,Toys,0,44.568,3,0,41.49,0.09,0
2025-03-11,P0001,Groceries,0,52.674,3,0,47.8,0.13,0
2025-03-11,P0012,Clothing,0,53.014,3,0,53.72,0.0,0
2025-03-11,P0017,Clothing,0,59.648,5,0,58.89,0.0,0
2025-03-11,P0010,Toys,0,67.59,5,0,59.17,0.11,0
2025-03-12,P0004,Electronics,0,52.388,10,17,43.97,0.15,1
2025-03-13,P0013,Groceries,0,74.3,4,0,75.42,0.0,0
2025-03-13,P0015,Furniture,0,60.558,7,0,59.7,0.0,0
2025-03-13,P0018,Electronics,0,76.024,5,0,63.95,0.17,0
2025-03-13,P0016,Groceries,0,36.648,5,0,36.94,0.0,0
2025-03-13,P0015,Furniture,0,60.558,3,0,51.94,0.13,1
2025-03-13,P0011,Electronics,0,55.71,5,0,54.32,0.0,0
2025-03-13,P0005,Groceries,0,29.326,7,28,30.38,0.0,0
2025-03-14,P0012,Clothing,0,53.014,5,0,44.59,0.17,0
2025-03-14,P0007,Electronics,0,52.498,5,0,52.21,0.0,0
2025-03-14,P0008,Electronics,0,42.598,5,0,44.56,0.0,1
2025-03-15,P0008,Electronics,0,42.598,5,0,38.77,0.13,0
2025-03-15,P0011,Electronics,0,55.71,3,0,54.32,0.0,0
2025-03-15,P0004,Electronics,0,52.388,5,17,51.73,0.0,0
2025-03-15,P0011,Electronics,0,55.71,3,0,48.89,0.1,0
2025-03-16,P0010,Toys,0,67.59,2,0,57.84,0.13,0
2025-03-16,P0012,Clothing,0,53.014,2,0,53.72,0.0,0
2025-03-16,P0015,Furniture,0,60.558,1,0,53.13,0.11,0
2025-03-16,P0015,Furniture,0,60.558,3,0,59.7,0.0,0
2025-03-16,P0007,Electronics,0,52.498,4,0,52.21,0.0,0
2025-03-16,P0020,Toys,0,44.568,1,0,45.59,0.0,1
2025-03-16,P0008,Electronics,0,42.598,2,0,36.99,0.17,0
2025-03-17,P0001,Groceries,0,52.674,2,0,54.95,0.0,0
2025-03-17,P0010,Toys,0,67.59,8,0,66.48,0.0,0
2025-03-17,P0015,Furniture,0,60.558,4,0,59.7,0.0,0
2025-03-17,P0019,Clothing,0,25.176,3,0,21.32,0.11,1
2025-03-17,P0019,Clothing,0,25.176,2,0,23.96,0.0,0
2025-03-17,P0009,Furniture,0,53.278,3,18,52.63,0.0,1
2025-03-17,P0001,Groceries,0,52.674,3,0,54.95,0.0,1
2025-03-17,P0001,Groceries,0,52.674,4,0,54.95,0.0,0
2025-03-18,P0012,Clothing,0,53.014,3,0,53.72,0.0,0
2025-03-19,P0003,Groceries,0,48.61,1,0,48.92,0.0,1
2025-03-19,P0012,Clothing,0,53.014,3,0,53.72,0.0,0
2025-03-19,P0012,Clothing,0,53.014,3,0,53.72,0.0,0
2025-03-19,P0013,Groceries,0,74.3,4,0,75.42,0.0,1
2025-03-19,P0002,Furniture,0,74.256,1,0,69.65,0.06,0
2025-03-20,P0016,Groceries,0,36.648,4,0,36.94,0.0,0
2025-03-20,P0019,Clothing,0,25.176,3,0,23.96,0.0,0
2025-03-21,P0001,Groceries,0,52.674,2,0,54.95,0.0,0
2025-03-21,P0002,Furniture,0,74.256,1,0,68.91,0.07,0
2025-03-21,P0001,Groceries,0,52.674,3,0,54.95,0.0,0
2025-03-21,P0017,Clothing,0,59.648,5,0,58.89,0.0,0
2025-03-21,P0006,Groceries,0,52.908,2,0,52.72,0.0,0
2025-03-21,P0009,Furniture,0,53.278,9,18,52.63,0.0,0
2025-03-21,P0017,Clothing,0,59.648,4,0,48.29,0.18,0
2025-03-21,P0005,Groceries,0,29.326,5,28,30.38,0.0,0
2025-03-22,P0013,Groceries,0,74.3,2,0,71.65,0.05,0
2025-03-23,P0018,Electronics,0,76.024,2,0,62.41,0.19,0
2025-03-23,P0015,Furniture,0,60.558,7,0,59.7,0.0,1
2025-03-24,P0015,Furniture,0,60.558,5,0,55.52,0.07,0
2025-03-24,P0017,Clothing,0,59.648,4,0,58.89,0.0,1
2025-03-24,P0005,Groceries,0,29.326,5,28,30.38,0.0,0
2025-03-24,P0010,Toys,0,67.59,2,0,66.48,0.0,0
2025-03-24,P0017,Clothing,0,59.648,2,0,51.82,0.12,0
2025-03-24,P0001,Groceries,0,52.674,1,0,54.95,0.0,0
2025-03-25,P0019,Clothing,0,25.176,1,0,19.64,0.18,1
2025-03-25,P0005,Groceries,0,29.326,2,28,30.38,0.0,0
2025-03-25,P0015,Furniture,0,60.558,3,0,50.14,0.16,0
2025-03-25,P0001,Groceries,0,52.674,3,0,54.95,0.0,0
2025-03-25,P0013,Groceries,0,74.3,4,0,60.33,0.2,0
2025-03-25,P0006,Groceries,0,52.908,2,0,45.34,0.14,1
2025-03-25,P0019,Clothing,0,25.176,4,0,22.04,0.08,1
2025-03-25,P0018,Electronics,0,76.024,5,0,77.05,0.0,0
2025-03-26,P0001,Groceries,0,52.674,5,0,54.95,0.0,0
2025-03-27,P0009,Furniture,0,53.278,1,18,52.63,0.0,0
2025-03-27,P0006,Groceries,0,52.908,3,0,52.72,0.0,0
2025-03-27,P0015,Furniture,0,60.558,5,0,59.7,0.0,1
2025-03-27,P0002,Furniture,0,74.256,4,0,74.09,0.0,0
2025-03-27,P0013,Groceries,0,74.3,5,0,75.42,0.0,0
2025-03-27,P0017,Clothing,0,59.648,1,0,58.89,0.0,1
2025-03-27,P0017,Clothing,0,59.648,5,0,48.29,0.18,0
2025-03-27,P0002,Furniture,0,74.256,4,0,74.09,0.0,0
2025-03-28,P0002,Furniture,0,74.256,2,0,74.09,0.0,0
2025-03-28,P0017,Clothing,0,59.648,1,0,58.89,0.0,0
2025-03-28,P0014,Toys,0,55.806,2,0,46.25,0.13,1
2025-03-28,P0020,Toys,0,44.568,1,0,45.59,0.0,0
2025-03-28,P0006,Groceries,0,52.908,7,0,52.72,0.0,0
2025-03-28,P0012,Clothing,0,53.014,5,0,53.72,0.0,0
2025-03-29,P0011,Electronics,0,55.71,3,0,54.32,0.0,0
2025-03-30,P0010,Toys,0,67.59,1,0,66.48,0.0,0
2025-03-30,P0001,Groceries,0,52.674,1,0,54.95,0.0,0
2025-03-30,P0011,Electronics,0,55.71,2,0,54.32,0.0,0
2025-03-30,P0005,Groceries,0,29.326,3,28,30.38,0.0,0
2025-03-31,P0003,Groceries,0,48.61,4,0,48.92,0.0,0
2025-04-01,P0013,Groceries,0,74.3,4,13,75.42,0.0,1
2025-04-01,P0018,Electronics,0,76.024,3,0,63.95,0.17,0
2025-04-01,P0008,Electronics,0,42.598,2,0,44.56,0.0,0
2025-04-01,P0009,Furniture,0,53.278,5,18,52.63,0.0,0
2025-04-01,P0012,Clothing,0,53.014,1,0,47.81,0.11,0
2025-04-01,P0014,Toys,0,55.806,3,15,53.16,0.0,0
2025-04-01,P0003,Groceries,0,48.61,10,0,46.48,0.05,0
2025-04-01,P0016,Groceries,0,36.648,3,0,36.94,0.0,0
2025-04-02,P0016,Groceries,0,36.648,5,0,36.94,0.0,0
2025-04-02,P0019,Clothing,0,25.176,3,0,23.96,0.0,1
2025-04-03,P0012,Clothing,0,53.014,1,0,53.72,0.0,0
2025-04-03,P0013,Groceries,0,74.3,2,13,75.42,0.0,0
2025-04-04,P0003,Groceries,0,48.61,5,0,45.5,0.07,0
2025-04-04,P0010,Toys,0,67.59,1,0,58.5,0.12,0
2025-04-04,P0018,Electronics,0,76.024,7,0,67.04,0.13,1
2025-04-04,P0011,Electronics,0,55.71,4,0,54.32,0.0,0
2025-04-04,P0002,Furniture,0,74.256,1,13,74.09,0.0,0
2025-04-04,P0016,Groceries,0,36.648,3,0,36.94,0.0,0
2025-04-05,P0018,Electronics,0,76.024,6,0,77.05,0.0,0
2025-04-05,P0013,Groceries,0,74.3,3,13,75.42,0.0,0
2025-04-06,P0010,Toys,0,67.59,4,0,66.48,0.0,0
2025-04-06,P0017,Clothing,0,59.648,3,13,52.41,0.11,0
2025-04-06,P0013,Groceries,0,74.3,1,13,62.6,0.17,0
2025-04-06,P0020,Toys,0,44.568,4,0,45.59,0.0,0
2025-04-06,P0004,Electronics,0,52.388,7,18,51.73,0.0,0
2025-04-07,P0018,Electronics,0,76.024,4,0,77.05,0.0,0
2025-04-07,P0003,Groceries,0,48.61,3,0,48.92,0.0,1
2025-04-07,P0014,Toys,0,55.806,2,15,47.31,0.11,1
2025-04-07,P0017,Clothing,0,59.648,2,13,58.89,0.0,0
2025-04-08,P0018,Electronics,0,76.024,2,0,77.05,0.0,1
2025-04-08,P0003,Groceries,0,48.61,4,0,48.92,0.0,1
2025-04-08,P0005,Groceries,0,29.326,4,0,30.38,0.0,1
2025-04-08,P0013,Groceries,0,74.3,3,13,75.42,0.0,0
2025-04-08,P0005,Groceries,0,29.326,1,0,30.38,0.0,0
2025-04-09,P0003,Groceries,0,48.61,10,0,40.12,0.18,1
2025-04-09,P0003,Groceries,0,48.61,3,0,48.92,0.0,1
2025-04-09,P0017,Clothing,0,59.648,5,13,58.89,0.0,1
2025-04-09,P0002,Furniture,0,74.256,3,13,74.09,0.0,1
2025-04-09,P0001,Groceries,0,52.674,4,0,44.51,0.19,1
2025-04-09,P0005,Groceries,0,29.326,2,0,30.38,0.0,0
2025-04-09,P0002,Furniture,0,74.256,5,13,67.43,0.09,1
2025-04-10,P0011,Electronics,0,55.71,1,0,45.63,0.16,0
2025-04-10,P0013,Groceries,0,74.3,3,13,75.42,0.0,1
2025-04-10,P0016,Groceries,0,36.648,3,0,36.94,0.0,0
2025-04-10,P0017,Clothing,0,59.648,3,13,51.23,0.13,0
2025-04-10,P0003,Groceries,0,48.61,5,0,39.14,0.2,0
2025-04-10,P0019,Clothing,0,25.176,4,0,23.96,0.0,0
2025-04-10,P0020,Toys,0,44.568,1,0,40.57,0.11,0
2025-04-11,P0012,Clothing,0,53.014,5,0,53.72,0.0,0
2025-04-11,P0011,Electronics,0,55.71,5,0,46.72,0.14,0
2025-04-11,P0011,Electronics,0,55.71,1,0,49.43,0.09,0
2025-04-11,P0018,Electronics,0,76.024,1,0,63.95,0.17,1
2025-04-12,P0014,Toys,0,55.806,3,15,43.06,0.19,0
2025-04-13,P0010,Toys,0,67.59,4,0,66.48,0.0,1
2025-04-13,P0013,Groceries,0,74.3,4,13,75.42,0.0,0
2025-04-14,P0019,Clothing,0,25.176,2,0,20.84,0.13,0
2025-04-14,P0015,Furniture,0,60.558,2,19,59.7,0.0,0
2025-04-14,P0013,Groceries,0,74.3,1,13,75.42,0.0,0
2025-04-14,P0020,Toys,0,44.568,1,0,37.38,0.18,0
2025-04-14,P0017,Clothing,0,59.648,1,13,58.89,0.0,0
2025-04-15,P0005,Groceries,0,29.326,1,34,30.38,0.0,0
2025-04-15,P0019,Clothing,0,25.176,1,34,20.6,0.14,0
2025-04-15,P0004,Electronics,0,52.388,4,18,51.73,0.0,1
2025-04-15,P0006,Groceries,0,52.908,1,0,49.03,0.07,0
2025-04-16,P0015,Furniture,0,60.558,1,19,59.7,0.0,0
2025-04-16,P0007,Electronics,0,52.498,3,0,52.21,0.0,0
2025-04-17,P0019,Clothing,0,25.176,4,34,23.96,0.0,0
2025-04-17,P0010,Toys,0,67.59,4,0,55.84,0.16,0
2025-04-17,P0010,Toys,0,67.59,5,0,66.48,0.0,0
2025-04-17,P0007,Electronics,0,52.498,1,0,45.42,0.13,0
2025-04-17,P0018,Electronics,0,76.024,5,0,77.05,0.0,1
2025-04-17,P0001,Groceries,0,52.674,4,0,54.95,0.0,1
2025-04-17,P0020,Toys,0,44.568,1,0,38.75,0.15,0
2025-04-17,P0013,Groceries,0,74.3,5,13,75.42,0.0,0
2025-04-18,P0013,Groceries,0,74.3,2,13,75.42,0.0,1
2025-04-18,P0015,Furniture,0,60.558,1,19,54.92,0.08,0
2025-04-18,P0007,Electronics,0,52.498,3,0,52.21,0.0,0
2025-04-19,P0011,Electronics,0,55.71,1,0,47.8,0.12,0
2025-04-19,P0004,Electronics,0,52.388,3,18,46.04,0.11,0
2025-04-20,P0007,Electronics,0,52.498,3,0,52.21,0.0,0
2025-04-20,P0014,Toys,0,55.806,3,33,53.16,0.0,0
2025-04-20,P0001,Groceries,0,52.674,1,0,54.95,0.0,0
2025-04-20,P0005,Groceries,0,29.326,5,34,30.38,0.0,1
2025-04-20,P0006,Groceries,0,52.908,5,0,52.72,0.0,0
2025-04-20,P0014,Toys,0,55.806,5,33,53.16,0.0,0
2025-04-20,P0012,Clothing,0,53.014,3,0,47.27,0.12,0
2025-04-20,P0017,Clothing,0,59.648,9,28,58.89,0.0,1
2025-04-21,P0007,Electronics,0,52.498,2,0,52.21,0.0,0
2025-04-21,P0016,Groceries,0,36.648,1,28,32.5,0.12,0
2025-04-21,P0010,Toys,0,67.59,5,0,66.48,0.0,0
2025-04-21,P0012,Clothing,0,53.014,1,0,53.72,0.0,0
2025-04-21,P0005,Groceries,0,29.326,1,34,24.91,0.18,0
2025-04-21,P0020,Toys,0,44.568,4,0,40.57,0.11,0
2025-04-21,P0002,Furniture,0,74.256,4,13,62.24,0.16,0
2025-04-22,P0001,Groceries,0,52.674,6,0,46.16,0.16,1
2025-04-22,P0011,Electronics,0,55.71,4,0,54.32,0.0,1
2025-04-22,P0005,Groceries,0,29.326,4,34,30.38,0.0,1
2025-04-22,P0007,Electronics,0,52.498,3,0,44.38,0.15,1
2025-04-22,P0009,Furniture,0,53.278,3,19,52.63,0.0,0
2025-04-23,P0004,Electronics,0,52.388,3,18,51.73,0.0,0
2025-04-23,P0014,Toys,0,55.806,5,33,53.16,0.0,0
2025-04-23,P0012,Clothing,0,53.014,3,0,53.72,0.0,1
2025-04-23,P0005,Groceries,0,29.326,2,34,30.38,0.0,1
2025-04-23,P0005,Groceries,0,29.326,9,34,30.38,0.0,0
2025-04-23,P0006,Groceries,0,52.908,4,0,52.72,0.0,0
2025-04-23,P0015,Furniture,0,60.558,5,19,59.7,0.0,0
2025-04-23,P0001,Groceries,0,52.674,4,0,54.95,0.0,0
2025-04-24,P0016,Groceries,0,36.648,5,28,36.94,0.0,1
2025-04-24,P0018,Electronics,0,76.024,5,0,77.05,0.0,0
2025-04-24,P0017,Clothing,0,59.648,4,28,48.29,0.18,1
2025-04-24,P0006,Groceries,0,52.908,2,0,52.72,0.0,0
2025-04-24,P0005,Groceries,0,29.326,4,34,30.38,0.0,0
2025-04-24,P0002,Furniture,0,74.256,3,13,74.09,0.0,0
2025-04-24,P0002,Furniture,0,74.256,5,13,74.09,0.0,0
2025-04-24,P0012,Clothing,0,53.014,4,0,53.72,0.0,0
2025-04-25,P0007,Electronics,0,52.498,2,0,44.38,0.15,0
2025-04-25,P0009,Furniture,0,53.278,2,19,52.63,0.0,0
2025-04-25,P0004,Electronics,0,52.388,4,18,44.49,0.14,0
2025-04-25,P0017,Clothing,0,59.648,3,28,47.7,0.19,0
2025-04-25,P0020,Toys,0,44.568,5,0,45.59,0.0,0
2025-04-26,P0009,Furniture,0,53.278,5,19,52.63,0.0,0
2025-04-26,P0006,Groceries,0,52.908,5,0,45.86,0.13,0
2025-04-26,P0004,Electronics,0,52.388,5,18,46.04,0.11,0
2025-04-26,P0006,Groceries,0,52.908,7,0,52.72,0.0,0
2025-04-26,P0001,Groceries,0,52.674,5,0,54.95,0.0,0
2025-04-26,P0002,Furniture,0,74.256,2,13,66.68,0.1,0
2025-04-26,P0009,Furniture,0,53.278,2,19,52.63,0.0,0
2025-04-27,P0002,Furniture,0,74.256,1,13,74.09,0.0,0
2025-04-28,P0013,Groceries,0,74.3,3,13,75.42,0.0,0
2025-04-29,P0003,Groceries,0,48.61,5,0,48.92,0.0,1
2025-04-29,P0005,Groceries,0,29.326,4,34,30.38,0.0,0
2025-04-29,P0004,Electronics,0,52.388,3,0,45.0,0.13,0
2025-04-29,P0018,Electronics,0,76.024,2,0,72.43,0.06,0
2025-04-30,P0013,Groceries,0,74.3,4,0,64.86,0.14,0
2025-04-30,P0013,Groceries,0,74.3,5,0,75.42,0.0,0
2025-04-30,P0007,Electronics,0,52.498,1,0,52.21,0.0,0
2025-04-30,P0002,Furniture,0,74.256,9,0,59.28,0.2,0
2025-04-30,P0012,Clothing,0,53.014,1,0,53.72,0.0,1
2025-04-30,P0009,Furniture,0,53.278,1,19,52.63,0.0,0
2025-04-30,P0003,Groceries,0,48.61,2,0,46.48,0.05,0
2025-05-01,P0003,Groceries,0,48.61,1,0,48.92,0.0,0
2025-05-01,P0017,Clothing,0,59.648,5,15,48.88,0.17,0
2025-05-01,P0018,Electronics,0,76.024,5,0,77.05,0.0,0
2025-05-01,P0008,Electronics,0,42.598,2,0,44.56,0.0,0
2025-05-01,P0013,Groceries,0,74.3,4,0,75.42,0.0,0
2025-05-02,P0011,Electronics,0,55.71,4,0,54.32,0.0,1
2025-05-02,P0015,Furniture,0,60.558,4,0,59.7,0.0,1
2025-05-02,P0008,Electronics,0,42.598,2,0,41.44,0.07,0
2025-05-02,P0018,Electronics,0,76.024,9,0,68.58,0.11,0
2025-05-02,P0014,Toys,0,55.806,1,18,46.25,0.13,0
2025-05-02,P0010,Toys,0,67.59,4,0,66.48,0.0,0
2025-05-03,P0003,Groceries,0,48.61,1,0,45.5,0.07,1
2025-05-03,P0008,Electronics,0,42.598,2,0,44.56,0.0,0
2025-05-03,P0015,Furniture,0,60.558,5,0,59.7,0.0,0
2025-05-03,P0010,Toys,0,67.59,4,0,66.48,0.0,1
2025-05-03,P0007,Electronics,0,52.498,2,0,47.51,0.09,0
2025-05-03,P0005,Groceries,0,29.326,1,34,24.61,0.19,0
2025-05-03,P0018,Electronics,0,76.024,3,0,62.41,0.19,0
2025-05-03,P0009,Furniture,0,53.278,1,19,52.63,0.0,0
2025-05-04,P0010,Toys,0,67.59,3,0,66.48,0.0,1
2025-05-05,P0003,Groceries,0,48.61,5,0,48.92,0.0,0
2025-05-05,P0020,Toys,0,44.568,7,0,40.57,0.11,0
2025-05-06,P0006,Groceries,0,52.908,4,0,52.72,0.0,1
2025-05-06,P0018,Electronics,0,76.024,2,10,77.05,0.0,0
2025-05-06,P0018,Electronics,0,76.024,5,10,71.66,0.07,0
2025-05-06,P0001,Groceries,0,52.674,5,16,54.95,0.0,0
2025-05-06,P0016,Groceries,0,36.648,1,56,34.35,0.07,0
2025-05-07,P0017,Clothing,0,59.648,3,15,58.89,0.0,0
2025-05-07,P0007,Electronics,0,52.498,1,0,42.29,0.19,0
2025-05-08,P0005,Groceries,0,29.326,2,64,30.38,0.0,0
2025-05-08,P0014,Toys,0,55.806,1,18,53.16,0.0,1
2025-05-08,P0010,Toys,0,67.59,4,0,66.48,0.0,1
2025-05-08,P0020,Toys,0,44.568,4,0,45.59,0.0,0
2025-05-08,P0012,Clothing,0,53.014,1,16,43.51,0.19,0
2025-05-08,P0012,Clothing,0,53.014,3,16,53.72,0.0,1
2025-05-09,P0001,Groceries,0,52.674,1,16,54.95,0.0,0
2025-05-09,P0006,Groceries,0,52.908,4,0,52.72,0.0,0
2025-05-09,P0018,Electronics,0,76.024,2,10,70.12,0.09,0
2025-05-09,P0002,Furniture,0,74.256,2,15,74.09,0.0,0
2025-05-10,P0007,Electronics,0,52.498,9,0,52.21,0.0,1
2025-05-10,P0012,Clothing,0,53.014,3,16,53.72,0.0,0
2025-05-11,P0009,Furniture,0,53.278,4,19,48.42,0.08,0
2025-05-11,P0011,Electronics,0,55.71,3,0,54.32,0.0,0
2025-05-11,P0016,Groceries,0,36.648,1,56,30.29,0.18,0
2025-05-11,P0015,Furniture,0,60.558,2,0,59.7,0.0,0
2025-05-11,P0001,Groceries,0,52.674,4,16,54.95,0.0,1
2025-05-11,P0019,Clothing,0,25.176,5,72,23.96,0.0,0
2025-05-11,P0008,Electronics,0,42.598,2,0,44.56,0.0,1
2025-05-12,P0018,Electronics,0,76.024,4,10,77.05,0.0,0
2025-05-12,P0003,Groceries,0,48.61,2,0,48.92,0.0,0
2025-05-12,P0010,Toys,0,67.59,2,0,66.48,0.0,1
2025-05-13,P0003,Groceries,0,48.61,4,0,39.63,0.19,0
2025-05-13,P0006,Groceries,0,52.908,1,0,46.39,0.12,0
2025-05-13,P0011,Electronics,0,55.71,5,0,54.32,0.0,0
2025-05-13,P0012,Clothing,0,53.014,3,16,49.96,0.07,1
2025-05-14,P0010,Toys,0,67.59,1,0,66.48,0.0,1
2025-05-14,P0006,Groceries,0,52.908,2,0,49.55,0.06,1
2025-05-14,P0016,Groceries,0,36.648,5,56,36.94,0.0,1
2025-05-14,P0004,Electronics,0,52.388,1,0,51.73,0.0,0
2025-05-14,P0009,Furniture,0,53.278,2,19,52.63,0.0,0
2025-05-14,P0007,Electronics,0,52.498,4,0,46.47,0.11,0
2025-05-14,P0009,Furniture,0,53.278,1,19,52.63,0.0,0
2025-05-14,P0011,Electronics,0,55.71,3,0,54.32,0.0,0
2025-05-15,P0011,Electronics,0,55.71,6,0,54.32,0.0,0
2025-05-15,P0004,Electronics,0,52.388,5,0,47.59,0.08,0
2025-05-15,P0016,Groceries,0,36.648,3,56,36.94,0.0,1
2025-05-15,P0016,Groceries,0,36.648,4,56,36.94,0.0,0
2025-05-15,P0010,Toys,0,67.59,2,0,66.48,0.0,0
2025-05-15,P0006,Groceries,0,52.908,4,0,43.23,0.18,0
2025-05-15,P0002,Furniture,0,74.256,3,15,67.43,0.09,0
2025-05-15,P0009,Furniture,0,53.278,3,19,52.63,0.0,0
2025-05-16,P0004,Electronics,0,52.388,4,0,51.73,0.0,0
2025-05-17,P0008,Electronics,0,42.598,10,0,44.56,0.0,0
2025-05-17,P0020,Toys,0,44.568,4,0,38.29,0.16,0
2025-05-17,P0014,Toys,0,55.806,2,0,48.91,0.08,0
2025-05-17,P0008,Electronics,0,42.598,3,0,44.56,0.0,0
2025-05-17,P0003,Groceries,0,48.61,5,0,48.92,0.0,1
2025-05-18,P0006,Groceries,0,52.908,5,0,52.72,0.0,0
2025-05-18,P0016,Groceries,0,36.648,4,28,36.94,0.0,0
2025-05-18,P0016,Groceries,0,36.648,5,28,36.94,0.0,0
2025-05-18,P0007,Electronics,0,52.498,4,0,52.21,0.0,0
2025-05-18,P0009,Furniture,0,53.278,1,0,52.63,0.0,0
2025-05-18,P0015,Furniture,0,60.558,2,0,59.7,0.0,1
2025-05-18,P0013,Groceries,0,74.3,1,0,75.42,0.0,1
2025-05-19,P0006,Groceries,0,52.908,3,0,52.72,0.0,1
2025-05-19,P0004,Electronics,0,52.388,5,0,42.42,0.18,1
2025-05-19,P0020,Toys,0,44.568,8,0,38.75,0.15,0
2025-05-19,P0001,Groceries,0,52.674,10,16,54.95,0.0,0
2025-05-19,P0002,Furniture,0,74.256,5,15,67.43,0.09,0
2025-05-19,P0006,Groceries,0,52.908,2,0,48.5,0.08,0
2025-05-20,P0003,Groceries,0,48.61,5,0,48.92,0.0,0
2025-05-20,P0018,Electronics,0,76.024,1,10,77.05,0.0,0
2025-05-20,P0008,Electronics,0,42.598,4,0,40.11,0.1,0
2025-05-20,P0013,Groceries,0,74.3,5,0,75.42,0.0,0
2025-05-20,P0019,Clothing,0,25.176,3,38,21.08,0.12,0
2025-05-20,P0015,Furniture,0,60.558,9,0,59.7,0.0,0
2025-05-20,P0019,Clothing,0,25.176,5,38,19.64,0.18,0
2025-05-20,P0012,Clothing,0,53.014,4,16,53.72,0.0,0
2025-05-21,P0006,Groceries,0,52.908,4,0,47.97,0.09,0
2025-05-21,P0006,Groceries,0,52.908,4,0,52.72,0.0,0
2025-05-22,P0016,Groceries,0,36.648,2,28,36.94,0.0,1
2025-05-22,P0014,Toys,0,55.806,8,0,53.16,0.0,0
2025-05-22,P0004,Electronics,0,52.388,1,0,41.38,0.2,0
2025-05-22,P0009,Furniture,0,53.278,7,0,42.63,0.19,0
2025-05-22,P0009,Furniture,0,53.278,5,0,52.63,0.0,0
2025-05-22,P0011,Electronics,0,55.71,2,0,54.32,0.0,0
2025-05-22,P0004,Electronics,0,52.388,5,0,51.73,0.0,1
2025-05-22,P0008,Electronics,0,42.598,3,0,44.56,0.0,0
2025-05-23,P0007,Electronics,0,52.498,3,21,52.21,0.0,0
2025-05-23,P0014,Toys,0,55.806,2,0,44.66,0.16,0
2025-05-24,P0004,Electronics,0,52.388,6,0,48.11,0.07,0
2025-05-24,P0012,Clothing,0,53.014,3,16,53.72,0.0,0
2025-05-25,P0009,Furniture,0,53.278,9,22,52.63,0.0,0
2025-05-26,P0003,Groceries,0,48.61,5,22,48.92,0.0,0
2025-05-26,P0001,Groceries,0,52.674,2,16,50.55,0.08,0
2025-05-27,P0019,Clothing,0,25.176,4,38,23.96,0.0,0
2025-05-27,P0002,Furniture,0,74.256,7,29,66.68,0.1,1
2025-05-27,P0019,Clothing,0,25.176,4,38,23.96,0.0,1
2025-05-28,P0004,Electronics,0,52.388,10,0,51.73,0.0,0
2025-05-28,P0012,Clothing,0,53.014,1,16,53.72,0.0,0
2025-05-28,P0019,Clothing,0,25.176,3,38,23.96,0.0,0
2025-05-28,P0010,Toys,0,67.59,5,0,66.48,0.0,0
2025-05-28,P0016,Groceries,0,36.648,5,28,36.94,0.0,0
2025-05-28,P0011,Electronics,0,55.71,4,0,54.32,0.0,0
2025-05-29,P0018,Electronics,0,76.024,3,10,77.05,0.0,0
2025-05-30,P0009,Furniture,0,53.278,5,22,52.63,0.0,0
2025-05-30,P0020,Toys,0,44.568,5,19,45.59,0.0,0
2025-05-30,P0014,Toys,0,55.806,4,0,53.16,0.0,0
2025-05-30,P0017,Clothing,0,59.648,4,18,58.89,0.0,0
2025-05-30,P0017,Clothing,0,59.648,1,18,58.89,0.0,0
2025-05-30,P0005,Groceries,0,29.326,5,30,30.38,0.0,0
2025-05-31,P0003,Groceries,0,48.61,1,22,40.61,0.17,0
2025-05-31,P0015,Furniture,0,60.558,2,0,59.7,0.0,0
2025-05-31,P0007,Electronics,0,52.498,4,21,44.38,0.15,0
2025-05-31,P0015,Furniture,0,60.558,4,0,59.7,0.0,0
2025-06-01,P0011,Electronics,0,55.71,2,0,54.32,0.0,1
2025-06-01,P0009,Furniture,0,53.278,2,22,52.63,0.0,0
2025-06-02,P0013,Groceries,0,74.3,1,0,75.42,0.0,1
2025-06-02,P0002,Furniture,0,74.256,3,29,74.09,0.0,0
2025-06-02,P0016,Groceries,0,36.648,3,28,36.94,0.0,1
2025-06-02,P0001,Groceries,0,52.674,2,16,43.96,0.2,0
2025-06-02,P0006,Groceries,0,52.908,5,15,43.76,0.17,0
2025-06-02,P0004,Electronics,0,52.388,3,0,43.97,0.15,0
2025-06-02,P0008,Electronics,0,42.598,2,21,44.56,0.0,0
2025-06-02,P0020,Toys,0,44.568,2,19,45.59,0.0,0
2025-06-03,P0007,Electronics,0,52.498,5,21,52.21,0.0,0
2025-06-03,P0004,Electronics,0,52.388,4,0,51.73,0.0,0
2025-06-03,P0007,Electronics,0,52.498,2,21,52.21,0.0,0
